{
"type": "FeatureCollection",
"name": "communes_dakar_terre",
"crs": { "type": "name", "properties": { "name": "urn:ogc:def:crs:OGC:1.3:CRS84" } },
"features": [
{ "type": "Feature", "properties": { "osm_id": 4596980, "commune": "Biscuiterie", "departement": "Dakar", "zone_prioritaire": null, "prioritaire": false, "surface_km2": 1.216, "pct_mer_retire": 0.0, "wikidata": "Q2904637" }, "geometry": { "type": "Polygon", "coordinates": [ [ [ -17.4544538, 14.7130343 ], [ -17.4547131, 14.7132906 ], [ -17.4514005, 14.7170093 ], [ -17.4504773, 14.7180887 ], [ -17.4477506, 14.7211967 ], [ -17.4472828, 14.7207066 ], [ -17.4469133, 14.720206 ], [ -17.4466653, 14.7198692 ], [ -17.4463186, 14.7191609 ], [ -17.4461873, 14.7186866 ], [ -17.4460376, 14.7178294 ], [ -17.4460428, 14.7175499 ], [ -17.4460561, 14.7171494 ], [ -17.4461278, 14.7158234 ], [ -17.4461976, 14.7147697 ], [ -17.4465109, 14.7100325 ], [ -17.4470351, 14.7024329 ], [ -17.4470066, 14.7020199 ], [ -17.4472203, 14.7021139 ], [ -17.4500223, 14.7032185 ], [ -17.45058, 14.7035496 ], [ -17.4505962, 14.7035631 ], [ -17.4514251, 14.7042528 ], [ -17.4514251, 14.7043129 ], [ -17.4514468, 14.704373 ], [ -17.4515058, 14.7044331 ], [ -17.4544538, 14.7130343 ] ] ] } },
{ "type": "Feature", "properties": { "osm_id": 12982370, "commune": "Cambérène", "departement": "Dakar", "zone_prioritaire": null, "prioritaire": false, "surface_km2": 1.976, "pct_mer_retire": 76.5, "wikidata": "Q2934708" }, "geometry": { "type": "Polygon", "coordinates": [ [ [ -17.4317193, 14.7637093 ], [ -17.4328351, 14.7635018 ], [ -17.4329853, 14.7637197 ], [ -17.4333716, 14.7636263 ], [ -17.4337346, 14.7636828 ], [ -17.4344573, 14.7640863 ], [ -17.4360795, 14.7651134 ], [ -17.4369038, 14.7656207 ], [ -17.4371652, 14.7654537 ], [ -17.4376112, 14.7671432 ], [ -17.438077317024359, 14.76883651421223 ], [ -17.4371776, 14.7690444 ], [ -17.4359867, 14.7695346 ], [ -17.4352384, 14.769768 ], [ -17.4346751, 14.7699963 ], [ -17.4338678, 14.7703153 ], [ -17.4330255, 14.7705176 ], [ -17.4323752, 14.7707149 ], [ -17.4317569, 14.7708625 ], [ -17.4304613, 14.7714409 ], [ -17.4295333, 14.7718169 ], [ -17.4285704, 14.7721774 ], [ -17.4277148, 14.7724576 ], [ -17.426717, 14.7728777 ], [ -17.4259418, 14.7731993 ], [ -17.4250674, 14.7734613 ], [ -17.4241689, 14.7737854 ], [ -17.4230585, 14.774216 ], [ -17.421889, 14.7746491 ], [ -17.4212372, 14.7749862 ], [ -17.420167, 14.7754323 ], [ -17.4195448, 14.7756683 ], [ -17.4191326, 14.7757969 ], [ -17.4186516, 14.7759925 ], [ -17.4180749, 14.7762337 ], [ -17.4176216, 14.776366 ], [ -17.4170235, 14.7765735 ], [ -17.4164254, 14.7768873 ], [ -17.4155161, 14.777227 ], [ -17.4148455, 14.7774579 ], [ -17.4139792, 14.777821 ], [ -17.4135527, 14.7779766 ], [ -17.4131477, 14.7781166 ], [ -17.4126381, 14.7782463 ], [ -17.4117234, 14.7786301 ], [ -17.4110019, 14.7789206 ], [ -17.410498742568635, 14.779171746449848 ], [ -17.4099906, 14.77779 ], [ -17.4098064, 14.7765636 ], [ -17.4091112, 14.7752938 ], [ -17.4181492, 14.7704636 ], [ -17.4269839, 14.7651173 ], [ -17.4274454, 14.7655392 ], [ -17.4284625, 14.7659998 ], [ -17.4300718, 14.7662488 ], [ -17.4299727, 14.7640105 ], [ -17.4317193, 14.7637093 ] ] ] } },
{ "type": "Feature", "properties": { "osm_id": 12989256, "commune": "Dakar-Plateau", "departement": "Dakar", "zone_prioritaire": null, "prioritaire": false, "surface_km2": 5.359, "pct_mer_retire": 16.4, "wikidata": "Q2723940" }, "geometry": { "type": "GeometryCollection", "geometries": [ { "type": "Polygon", "coordinates": [ [ [ -17.4336967, 14.6574275 ], [ -17.4337266, 14.6572715 ], [ -17.4337212, 14.6571119 ], [ -17.4336983, 14.6569227 ], [ -17.4336572, 14.6566973 ], [ -17.4335995, 14.6564469 ], [ -17.4335702, 14.6563369 ], [ -17.4335164, 14.6561576 ], [ -17.4334386, 14.6560013 ], [ -17.4334118, 14.6559344 ], [ -17.4333286, 14.6557255 ], [ -17.4332643, 14.6555841 ], [ -17.4331999, 14.6554875 ], [ -17.4330718, 14.6553661 ], [ -17.4329255, 14.6552819 ], [ -17.4321015, 14.6549331 ], [ -17.431213, 14.6545591 ], [ -17.4311695, 14.6545468 ], [ -17.4311232, 14.6545546 ], [ -17.4310494, 14.6545922 ], [ -17.4309475, 14.654624 ], [ -17.4308141, 14.6545786 ], [ -17.4307846, 14.6545507 ], [ -17.4307671, 14.6545208 ], [ -17.4307276, 14.6544073 ], [ -17.4307068, 14.6540349 ], [ -17.4307349, 14.6539623 ], [ -17.430975, 14.6536146 ], [ -17.4310454, 14.6534893 ], [ -17.4310836, 14.6533615 ], [ -17.4310937, 14.6532273 ], [ -17.431087, 14.6531351 ], [ -17.4310568, 14.6530437 ], [ -17.4309871, 14.6524468 ], [ -17.4309468, 14.6521834 ], [ -17.4308074, 14.6517215 ], [ -17.4306075, 14.6512376 ], [ -17.4305123, 14.6511026 ], [ -17.4303702, 14.6509794 ], [ -17.4303192, 14.6508976 ], [ -17.4302819, 14.6506981 ], [ -17.4302736, 14.6505097 ], [ -17.4303357, 14.6501981 ], [ -17.4307229, 14.6493717 ], [ -17.4310494, 14.6487574 ], [ -17.4311359, 14.6486082 ], [ -17.4311936, 14.6485225 ], [ -17.4311983, 14.6484868 ], [ -17.4311547, 14.6483863 ], [ -17.4311715, 14.6483149 ], [ -17.4312271, 14.6482667 ], [ -17.4312866, 14.6482597 ], [ -17.4313418, 14.6482837 ], [ -17.4313696, 14.6483058 ], [ -17.4313964, 14.6483071 ], [ -17.4314172, 14.6482971 ], [ -17.4314409, 14.6482807 ], [ -17.4314864, 14.6482297 ], [ -17.4316295, 14.6480327 ], [ -17.431722, 14.6478108 ], [ -17.4317481, 14.6476649 ], [ -17.4317522, 14.6475656 ], [ -17.4317703, 14.6474839 ], [ -17.4318239, 14.6473995 ], [ -17.4318527, 14.6473301 ], [ -17.4318527, 14.6472853 ], [ -17.4318467, 14.6472477 ], [ -17.4318011, 14.6471971 ], [ -17.4317931, 14.6471608 ], [ -17.431836, 14.6470661 ], [ -17.4318688, 14.6469889 ], [ -17.4319232, 14.646924 ], [ -17.4320767, 14.6468332 ], [ -17.432127, 14.6468033 ], [ -17.4321914, 14.6467735 ], [ -17.432235, 14.6467709 ], [ -17.4322625, 14.6467871 ], [ -17.4322893, 14.6468429 ], [ -17.4323074, 14.6468539 ], [ -17.4323389, 14.6468435 ], [ -17.4324833, 14.6467721 ], [ -17.4325769, 14.6467326 ], [ -17.4326205, 14.6467086 ], [ -17.4326789, 14.6466424 ], [ -17.4326916, 14.6466106 ], [ -17.4327064, 14.6465373 ], [ -17.4327318, 14.6464874 ], [ -17.4327969, 14.646453 ], [ -17.4329987, 14.6464731 ], [ -17.4330477, 14.6464783 ], [ -17.4330791, 14.6464964 ], [ -17.4330832, 14.6465179 ], [ -17.4330584, 14.6465496 ], [ -17.4329779, 14.6466054 ], [ -17.4326809, 14.646741 ], [ -17.4325681, 14.6468399 ], [ -17.4324086, 14.6469464 ], [ -17.4323577, 14.6469769 ], [ -17.432352, 14.6469843 ], [ -17.432355, 14.6469944 ], [ -17.4323769, 14.6470157 ], [ -17.4323987, 14.6470364 ], [ -17.432418, 14.6470382 ], [ -17.4324542, 14.6470174 ], [ -17.4325018, 14.6469707 ], [ -17.432646, 14.6468831 ], [ -17.4328576, 14.6467848 ], [ -17.4328874, 14.6467839 ], [ -17.4329223, 14.6468027 ], [ -17.4329438, 14.6468482 ], [ -17.4329353, 14.6468734 ], [ -17.4328694, 14.6469451 ], [ -17.4327399, 14.6470589 ], [ -17.432695, 14.6471011 ], [ -17.4326722, 14.6471523 ], [ -17.4326876, 14.6471991 ], [ -17.4327204, 14.6472192 ], [ -17.4327627, 14.647225 ], [ -17.4328049, 14.6472179 ], [ -17.4328814, 14.6471789 ], [ -17.4329478, 14.6471485 ], [ -17.4330181, 14.6471136 ], [ -17.4330973, 14.6470868 ], [ -17.4331928, 14.6470671 ], [ -17.4333179, 14.6470524 ], [ -17.4334849, 14.6470758 ], [ -17.4335995, 14.6470836 ], [ -17.4336156, 14.6470966 ], [ -17.4336277, 14.6471154 ], [ -17.4336324, 14.6471971 ], [ -17.43363, 14.6472772 ], [ -17.4336166, 14.6472922 ], [ -17.4335995, 14.6472931 ], [ -17.4335526, 14.6472944 ], [ -17.4335097, 14.6473139 ], [ -17.4334607, 14.6473593 ], [ -17.4334232, 14.6474631 ], [ -17.4334064, 14.647515 ], [ -17.4333823, 14.6475481 ], [ -17.4333876, 14.6475721 ], [ -17.4334448, 14.6476338 ], [ -17.4334721, 14.6476396 ], [ -17.4334916, 14.6476272 ], [ -17.4335513, 14.647589 ], [ -17.4335915, 14.647563 ], [ -17.4336015, 14.6475098 ], [ -17.4336243, 14.6474709 ], [ -17.4336701, 14.647451 ], [ -17.4337605, 14.64743 ], [ -17.4338268, 14.6474508 ], [ -17.4338832, 14.6474586 ], [ -17.4339583, 14.6474488 ], [ -17.4340295, 14.6474409 ], [ -17.434136, 14.6474073 ], [ -17.4341923, 14.6474151 ], [ -17.4342211, 14.6474423 ], [ -17.4342248, 14.6475338 ], [ -17.4342352, 14.6476668 ], [ -17.4342459, 14.6477583 ], [ -17.4342483, 14.6478624 ], [ -17.4342607, 14.6479088 ], [ -17.434262, 14.6479555 ], [ -17.4342151, 14.6479931 ], [ -17.4341024, 14.6480515 ], [ -17.4339586, 14.6481153 ], [ -17.4337631, 14.6481891 ], [ -17.4337269, 14.6482092 ], [ -17.4337169, 14.648228 ], [ -17.4337209, 14.6482559 ], [ -17.433757, 14.64832 ], [ -17.4337732, 14.6483603 ], [ -17.4337883, 14.6483736 ], [ -17.4338067, 14.6483723 ], [ -17.4338805, 14.6483448 ], [ -17.4339134, 14.6483221 ], [ -17.4340025, 14.6482695 ], [ -17.434024, 14.6482617 ], [ -17.4341744, 14.648263 ], [ -17.434312, 14.6482857 ], [ -17.4343358, 14.648287 ], [ -17.4343506, 14.6482766 ], [ -17.4343754, 14.6482111 ], [ -17.4343948, 14.6481871 ], [ -17.4344377, 14.6481722 ], [ -17.4345276, 14.6482027 ], [ -17.4345981, 14.6482435 ], [ -17.4346385, 14.6483269 ], [ -17.4346281, 14.6483924 ], [ -17.4345752, 14.6484473 ], [ -17.4344726, 14.6484842 ], [ -17.4344599, 14.6484907 ], [ -17.4344531, 14.6485005 ], [ -17.4344334, 14.6486504 ], [ -17.4344183, 14.6486906 ], [ -17.4343417, 14.6487882 ], [ -17.4342392, 14.6488826 ], [ -17.4342345, 14.648917 ], [ -17.4342553, 14.6489559 ], [ -17.4342808, 14.6489604 ], [ -17.4343324, 14.6489462 ], [ -17.4343975, 14.6488995 ], [ -17.4345048, 14.6488346 ], [ -17.4345591, 14.6487807 ], [ -17.4346033, 14.6487139 ], [ -17.4346704, 14.6486808 ], [ -17.4347167, 14.6486847 ], [ -17.4347629, 14.6487048 ], [ -17.434781, 14.6487418 ], [ -17.4347903, 14.6487868 ], [ -17.4347709, 14.6488796 ], [ -17.4347059, 14.6489955 ], [ -17.4346255, 14.6491187 ], [ -17.4345477, 14.6493446 ], [ -17.4345477, 14.6494276 ], [ -17.4345484, 14.6494541 ], [ -17.4345376, 14.6494749 ], [ -17.4344417, 14.649532 ], [ -17.4343231, 14.6496222 ], [ -17.4343009, 14.6496553 ], [ -17.4343019, 14.6496861 ], [ -17.4343241, 14.6496932 ], [ -17.4343827, 14.6496838 ], [ -17.4345142, 14.6496721 ], [ -17.4346007, 14.6496312 ], [ -17.4346456, 14.6496235 ], [ -17.4346919, 14.649663 ], [ -17.4346959, 14.6497234 ], [ -17.4346711, 14.6497759 ], [ -17.4346267, 14.6498186 ], [ -17.4345191, 14.649899 ], [ -17.4344357, 14.649977 ], [ -17.4343851, 14.650061 ], [ -17.4343817, 14.6500747 ], [ -17.4343854, 14.6500815 ], [ -17.4344102, 14.6501009 ], [ -17.4344419, 14.6501271 ], [ -17.4344516, 14.6501292 ], [ -17.4344599, 14.6501236 ], [ -17.4345088, 14.6500536 ], [ -17.4345826, 14.6500082 ], [ -17.4348045, 14.6499096 ], [ -17.434997, 14.6498713 ], [ -17.4350687, 14.6499063 ], [ -17.4350839, 14.6499387 ], [ -17.4350784, 14.6499582 ], [ -17.4350184, 14.6500393 ], [ -17.4350278, 14.6501022 ], [ -17.4350509, 14.6501519 ], [ -17.4350519, 14.6501717 ], [ -17.4350446, 14.6501905 ], [ -17.4349836, 14.650256 ], [ -17.4348991, 14.6503072 ], [ -17.4348602, 14.6503066 ], [ -17.4348354, 14.6503222 ], [ -17.4347676, 14.6504389 ], [ -17.434771, 14.6504565 ], [ -17.4347958, 14.6504837 ], [ -17.43483, 14.6505103 ], [ -17.4348515, 14.6504928 ], [ -17.4348857, 14.6504642 ], [ -17.4349145, 14.6504727 ], [ -17.434944, 14.6505473 ], [ -17.4349473, 14.6505927 ], [ -17.4349312, 14.6506485 ], [ -17.4348451, 14.6506783 ], [ -17.4348344, 14.6506887 ], [ -17.4348273, 14.6507066 ], [ -17.434832, 14.6508399 ], [ -17.4348755, 14.651041 ], [ -17.4349374, 14.6512823 ], [ -17.4351401, 14.6518469 ], [ -17.4352866, 14.6521497 ], [ -17.4354744, 14.6524494 ], [ -17.435686, 14.6528366 ], [ -17.4358875, 14.6532409 ], [ -17.4361423, 14.6537261 ], [ -17.4363005, 14.6540842 ], [ -17.4364373, 14.6542996 ], [ -17.4365741, 14.6545384 ], [ -17.4367216, 14.6546915 ], [ -17.4369147, 14.6549302 ], [ -17.4371079, 14.6551352 ], [ -17.4372956, 14.6553039 ], [ -17.4375451, 14.6554699 ], [ -17.4378441, 14.6557307 ], [ -17.4381432, 14.6559591 ], [ -17.4384208, 14.6561771 ], [ -17.4385723, 14.6562484 ], [ -17.4387085, 14.6562432 ], [ -17.4388278, 14.6562342 ], [ -17.4389566, 14.6562731 ], [ -17.4390884, 14.6563897 ], [ -17.4391879, 14.6565248 ], [ -17.4392724, 14.6565819 ], [ -17.4393582, 14.6566377 ], [ -17.4394883, 14.6567064 ], [ -17.4395869, 14.6567525 ], [ -17.4396741, 14.6568005 ], [ -17.4397673, 14.656853 ], [ -17.439929, 14.6569264 ], [ -17.4400174, 14.656988 ], [ -17.440164, 14.657099 ], [ -17.4403614, 14.6572371 ], [ -17.4404861, 14.6573617 ], [ -17.4406546, 14.657537 ], [ -17.4407637, 14.6576224 ], [ -17.4408402, 14.6576808 ], [ -17.4409599, 14.6577579 ], [ -17.4410494, 14.657821 ], [ -17.4411272, 14.6579053 ], [ -17.4412143, 14.6580305 ], [ -17.4413545, 14.658158 ], [ -17.4413954, 14.6582459 ], [ -17.441388, 14.6583432 ], [ -17.4413679, 14.6584775 ], [ -17.4414023, 14.6585544 ], [ -17.4414567, 14.6586048 ], [ -17.441516, 14.6586314 ], [ -17.4415614, 14.6586254 ], [ -17.4416138, 14.6585843 ], [ -17.4416364, 14.6585757 ], [ -17.4416582, 14.6585819 ], [ -17.4418607, 14.6586941 ], [ -17.4420552, 14.6587772 ], [ -17.4423435, 14.6589432 ], [ -17.4425018, 14.6590522 ], [ -17.4426962, 14.6591924 ], [ -17.4429242, 14.659387 ], [ -17.4431442, 14.6595349 ], [ -17.4433467, 14.6596802 ], [ -17.4434848, 14.6598022 ], [ -17.4436471, 14.6599695 ], [ -17.4437812, 14.6602212 ], [ -17.4438281, 14.6605365 ], [ -17.4437651, 14.6608907 ], [ -17.4436457, 14.6612371 ], [ -17.4434607, 14.6614966 ], [ -17.4432206, 14.6617444 ], [ -17.4431632, 14.6618418 ], [ -17.4431308, 14.6619913 ], [ -17.4431026, 14.6621181 ], [ -17.4430597, 14.6622426 ], [ -17.4430651, 14.6623205 ], [ -17.4431348, 14.6625385 ], [ -17.443105, 14.6626307 ], [ -17.4429269, 14.6627728 ], [ -17.4428371, 14.6629433 ], [ -17.4428572, 14.6636271 ], [ -17.4429122, 14.6642614 ], [ -17.4429604, 14.6648038 ], [ -17.4431053, 14.6653435 ], [ -17.443358, 14.6660865 ], [ -17.4436069, 14.6666072 ], [ -17.4438214, 14.6669601 ], [ -17.4441513, 14.6673337 ], [ -17.4444222, 14.6675595 ], [ -17.4445832, 14.6676814 ], [ -17.4447146, 14.6677489 ], [ -17.445066, 14.66778 ], [ -17.4452081, 14.6678423 ], [ -17.4453262, 14.6679253 ], [ -17.4455756, 14.6681874 ], [ -17.4457634, 14.6684157 ], [ -17.4459645, 14.6688309 ], [ -17.4460584, 14.6689918 ], [ -17.4461603, 14.6691449 ], [ -17.4462569, 14.6693109 ], [ -17.4464098, 14.6696145 ], [ -17.446627, 14.6700478 ], [ -17.4467906, 14.6702944 ], [ -17.4469002, 14.6704259 ], [ -17.4470319, 14.6705681 ], [ -17.4471577, 14.6707541 ], [ -17.4473351, 14.6709742 ], [ -17.4476369, 14.6713323 ], [ -17.4477442, 14.6714555 ], [ -17.4478689, 14.6715658 ], [ -17.4479601, 14.6716501 ], [ -17.4481264, 14.6718227 ], [ -17.4482954, 14.6719809 ], [ -17.4484241, 14.6720769 ], [ -17.4485877, 14.6722041 ], [ -17.448864, 14.6723857 ], [ -17.4491215, 14.6725855 ], [ -17.4494782, 14.6727762 ], [ -17.4498229, 14.672906 ], [ -17.45002, 14.672928 ], [ -17.450189, 14.6729125 ], [ -17.4500175, 14.6735305 ], [ -17.4491314, 14.674313 ], [ -17.4431135, 14.6796277 ], [ -17.4396625, 14.6824601 ], [ -17.4382189, 14.6836595 ], [ -17.4376126, 14.6847068 ], [ -17.4370998, 14.6834257 ], [ -17.4367171, 14.6846105 ], [ -17.4346348, 14.6838404 ], [ -17.434115754597912, 14.683910713531281 ], [ -17.4340739, 14.6837084 ], [ -17.4340682, 14.6837037 ], [ -17.4340595, 14.6837019 ], [ -17.4327613, 14.6839696 ], [ -17.4327406, 14.6839781 ], [ -17.4327292, 14.6839936 ], [ -17.4318336, 14.6865803 ], [ -17.4318274, 14.686584 ], [ -17.4318199, 14.6865856 ], [ -17.430927, 14.6863106 ], [ -17.4308781, 14.6862869 ], [ -17.4308553, 14.6862603 ], [ -17.4294465, 14.6833187 ], [ -17.4294377, 14.6832811 ], [ -17.4294512, 14.6832435 ], [ -17.4303755, 14.682348 ], [ -17.430405, 14.6823444 ], [ -17.4304426, 14.6823545 ], [ -17.4309458, 14.6834358 ], [ -17.4309622, 14.6834462 ], [ -17.4309793, 14.6834517 ], [ -17.4331308, 14.6830177 ], [ -17.4331466, 14.6830096 ], [ -17.433155, 14.6829947 ], [ -17.4331285, 14.6827857 ], [ -17.4331313, 14.6827787 ], [ -17.4331384, 14.6827763 ], [ -17.4332161, 14.6827735 ], [ -17.433201, 14.6826868 ], [ -17.4331881, 14.682576 ], [ -17.4331878, 14.6825653 ], [ -17.4331975, 14.6825598 ], [ -17.4337725, 14.6824993 ], [ -17.4337792, 14.6824977 ], [ -17.4337846, 14.6824943 ], [ -17.4338924, 14.6823845 ], [ -17.4338953, 14.6823754 ], [ -17.4338931, 14.682368 ], [ -17.433239, 14.681684 ], [ -17.4325003, 14.6809115 ], [ -17.4324686, 14.6808783 ], [ -17.4320076, 14.6803968 ], [ -17.4320066, 14.68039 ], [ -17.4320076, 14.6803835 ], [ -17.432163, 14.6802423 ], [ -17.4321729, 14.6802407 ], [ -17.4321816, 14.6802418 ], [ -17.433148, 14.6812531 ], [ -17.4331546, 14.6812558 ], [ -17.4331618, 14.6812538 ], [ -17.4342761, 14.6802472 ], [ -17.4342781, 14.6802382 ], [ -17.4342776, 14.6802305 ], [ -17.4341134, 14.6800598 ], [ -17.4339493, 14.6798891 ], [ -17.4338286, 14.6797636 ], [ -17.4337018, 14.6796317 ], [ -17.433675, 14.6796525 ], [ -17.4332341, 14.6791971 ], [ -17.4332586, 14.6791741 ], [ -17.4328304, 14.6787298 ], [ -17.4328157, 14.6787291 ], [ -17.4328029, 14.6787353 ], [ -17.432005, 14.6794861 ], [ -17.4319755, 14.6794874 ], [ -17.4319392, 14.6794738 ], [ -17.4318112, 14.6793332 ], [ -17.4318011, 14.6793296 ], [ -17.4317907, 14.6793325 ], [ -17.4304624, 14.6805487 ], [ -17.4303853, 14.6804725 ], [ -17.4317361, 14.6792535 ], [ -17.4314987, 14.6790165 ], [ -17.4314142, 14.6790872 ], [ -17.4313689, 14.6790466 ], [ -17.43138, 14.6790304 ], [ -17.431265, 14.6789085 ], [ -17.4311981, 14.678843 ], [ -17.4311835, 14.6788545 ], [ -17.431143, 14.6788099 ], [ -17.4311849, 14.678769 ], [ -17.4311285, 14.6787071 ], [ -17.43034, 14.6778927 ], [ -17.4302645, 14.6778541 ], [ -17.4298545, 14.6777112 ], [ -17.4298152, 14.6776969 ], [ -17.4297147, 14.6776588 ], [ -17.4297041, 14.67766 ], [ -17.4296962, 14.6776673 ], [ -17.428959, 14.6797242 ], [ -17.4289405, 14.6797462 ], [ -17.4289047, 14.6797683 ], [ -17.4288664, 14.6797709 ], [ -17.428841, 14.6797634 ], [ -17.4288004, 14.679732 ], [ -17.4287856, 14.6797041 ], [ -17.428783, 14.6796606 ], [ -17.4302796, 14.6754582 ], [ -17.4302952, 14.6754334 ], [ -17.4303147, 14.6754162 ], [ -17.4303398, 14.675404 ], [ -17.4303738, 14.6754011 ], [ -17.430408, 14.6754102 ], [ -17.430436, 14.6754293 ], [ -17.4304483, 14.6754498 ], [ -17.4304597, 14.6754692 ], [ -17.4304882, 14.675478 ], [ -17.4305643, 14.6754893 ], [ -17.4307835, 14.6755013 ], [ -17.4312851, 14.6755185 ], [ -17.431371, 14.6755127 ], [ -17.4314306, 14.6754945 ], [ -17.4314749, 14.6754686 ], [ -17.4315245, 14.6754186 ], [ -17.4318111, 14.6750767 ], [ -17.4314374, 14.6747828 ], [ -17.4314231, 14.6747721 ], [ -17.431361, 14.674714 ], [ -17.4312925, 14.6746448 ], [ -17.4312813, 14.6746414 ], [ -17.4312687, 14.6746454 ], [ -17.431064, 14.6749073 ], [ -17.4310517, 14.674915 ], [ -17.4310395, 14.6749125 ], [ -17.4305435, 14.6745396 ], [ -17.4303939, 14.6744263 ], [ -17.4301112, 14.6747721 ], [ -17.4300792, 14.67475 ], [ -17.430261, 14.6745209 ], [ -17.4301855, 14.6744665 ], [ -17.4301122, 14.6744224 ], [ -17.4301947, 14.6743112 ], [ -17.4301643, 14.6742845 ], [ -17.4300951, 14.6743231 ], [ -17.4300793, 14.6743159 ], [ -17.4293204, 14.6740742 ], [ -17.429311, 14.6740737 ], [ -17.4293045, 14.674078 ], [ -17.4292803, 14.6741357 ], [ -17.4292742, 14.6741414 ], [ -17.4292646, 14.6741427 ], [ -17.429155, 14.6741057 ], [ -17.4290369, 14.674059 ], [ -17.4290228, 14.6740614 ], [ -17.4290131, 14.6740681 ], [ -17.4277661, 14.6775653 ], [ -17.4277571, 14.6775724 ], [ -17.4277451, 14.6775724 ], [ -17.4264716, 14.6771402 ], [ -17.4264612, 14.6771311 ], [ -17.4264593, 14.6771167 ], [ -17.427812, 14.6733344 ], [ -17.4278096, 14.6733224 ], [ -17.4277972, 14.6733163 ], [ -17.4260935, 14.6729956 ], [ -17.4260838, 14.6729965 ], [ -17.4260776, 14.6730015 ], [ -17.4250627, 14.675844 ], [ -17.4250564, 14.6758506 ], [ -17.4250468, 14.6758506 ], [ -17.4235253, 14.6753452 ], [ -17.4235204, 14.675339 ], [ -17.4235205, 14.6753315 ], [ -17.4244589, 14.6726994 ], [ -17.4244539, 14.6726887 ], [ -17.4244395, 14.6726831 ], [ -17.4226967, 14.6723549 ], [ -17.4226712, 14.6723552 ], [ -17.4215707, 14.675413 ], [ -17.4210034, 14.6752162 ], [ -17.4207708, 14.675559 ], [ -17.4207539, 14.675584 ], [ -17.4203725, 14.6761676 ], [ -17.4203955, 14.6761813 ], [ -17.420199, 14.6765055 ], [ -17.4202202, 14.6765183 ], [ -17.4201826, 14.6765764 ], [ -17.4201621, 14.6765948 ], [ -17.4201278, 14.6766004 ], [ -17.4200873, 14.6765854 ], [ -17.4200517, 14.676558 ], [ -17.4200399, 14.6765246 ], [ -17.4200461, 14.6764821 ], [ -17.4200621, 14.6764521 ], [ -17.4201033, 14.6763897 ], [ -17.4208993, 14.6752051 ], [ -17.4209359, 14.6751427 ], [ -17.4209633, 14.675073 ], [ -17.4211751, 14.6734023 ], [ -17.4214612, 14.6713673 ], [ -17.4215826, 14.6708282 ], [ -17.4216798, 14.6705032 ], [ -17.4216818, 14.6704319 ], [ -17.4216899, 14.6702768 ], [ -17.421716, 14.6701717 ], [ -17.4217831, 14.6700595 ], [ -17.4218749, 14.6700174 ], [ -17.4219628, 14.669996 ], [ -17.4220392, 14.6699674 ], [ -17.4222015, 14.669933 ], [ -17.4224107, 14.6698792 ], [ -17.4227192, 14.6698416 ], [ -17.4232181, 14.669755 ], [ -17.4234299, 14.6696625 ], [ -17.4235957, 14.6695557 ], [ -17.4236345, 14.6695146 ], [ -17.4237525, 14.6693408 ], [ -17.423835, 14.6692993 ], [ -17.4239469, 14.6692791 ], [ -17.4240482, 14.6692791 ], [ -17.4241246, 14.6692642 ], [ -17.4242024, 14.6692571 ], [ -17.4242802, 14.669237 ], [ -17.4243996, 14.6691786 ], [ -17.4245752, 14.6690482 ], [ -17.4250272, 14.6687738 ], [ -17.4250902, 14.6687543 ], [ -17.4252304, 14.6687407 ], [ -17.4253799, 14.6686875 ], [ -17.4255529, 14.6686136 ], [ -17.4256347, 14.6685954 ], [ -17.4257628, 14.6685844 ], [ -17.4258352, 14.6685837 ], [ -17.425913, 14.6685708 ], [ -17.4259888, 14.6685422 ], [ -17.4261229, 14.668456 ], [ -17.4261913, 14.6683651 ], [ -17.4263804, 14.6681407 ], [ -17.4264079, 14.6681284 ], [ -17.42655, 14.668142 ], [ -17.42666, 14.6681284 ], [ -17.4266928, 14.6681141 ], [ -17.4267083, 14.6680907 ], [ -17.4267217, 14.6680356 ], [ -17.4268189, 14.6678754 ], [ -17.4268318, 14.6678608 ], [ -17.4268367, 14.6678488 ], [ -17.4268336, 14.6678334 ], [ -17.4268243, 14.6678 ], [ -17.426827, 14.6677925 ], [ -17.4268357, 14.6677904 ], [ -17.4268917, 14.6678098 ], [ -17.4269218, 14.6678274 ], [ -17.426946, 14.6678338 ], [ -17.4269735, 14.6678264 ], [ -17.4270114, 14.6678095 ], [ -17.4272132, 14.6677307 ], [ -17.4275532, 14.6677531 ], [ -17.4276028, 14.6677677 ], [ -17.4276427, 14.6677933 ], [ -17.4278469, 14.6678073 ], [ -17.4279991, 14.667854 ], [ -17.4280695, 14.6678566 ], [ -17.4281312, 14.6678261 ], [ -17.4282941, 14.667732 ], [ -17.4283806, 14.6676555 ], [ -17.428437, 14.6675627 ], [ -17.4284779, 14.6675387 ], [ -17.4285, 14.6675244 ], [ -17.4285423, 14.6675263 ], [ -17.4286194, 14.6675377 ], [ -17.4286971, 14.6675205 ], [ -17.4290559, 14.6673765 ], [ -17.429475, 14.6670819 ], [ -17.4298103, 14.6668642 ], [ -17.4299317, 14.6667601 ], [ -17.4301301, 14.6665903 ], [ -17.4304533, 14.6663412 ], [ -17.4306287, 14.6662432 ], [ -17.4307738, 14.6661385 ], [ -17.4308151, 14.6660892 ], [ -17.4309026, 14.6660113 ], [ -17.4309187, 14.6660022 ], [ -17.4309361, 14.6659915 ], [ -17.4309964, 14.6659319 ], [ -17.4312405, 14.6656354 ], [ -17.4313033, 14.6654206 ], [ -17.431321, 14.6652819 ], [ -17.4312915, 14.6652137 ], [ -17.431269, 14.6651217 ], [ -17.4312576, 14.6650924 ], [ -17.4312362, 14.6650733 ], [ -17.4312164, 14.665047 ], [ -17.4312093, 14.6650162 ], [ -17.431213, 14.6649809 ], [ -17.4311842, 14.6649646 ], [ -17.4311493, 14.6649374 ], [ -17.4311473, 14.6649251 ], [ -17.4311708, 14.6648952 ], [ -17.4311943, 14.6648959 ], [ -17.4312244, 14.6648952 ], [ -17.4312405, 14.6648732 ], [ -17.4312834, 14.6648226 ], [ -17.4313207, 14.6647713 ], [ -17.4313592, 14.6646844 ], [ -17.4313626, 14.664432 ], [ -17.4314819, 14.6637944 ], [ -17.4316871, 14.6631534 ], [ -17.431726, 14.6629121 ], [ -17.4318729, 14.6624489 ], [ -17.431891, 14.661976 ], [ -17.4318903, 14.6619364 ], [ -17.4318782, 14.6619047 ], [ -17.4317817, 14.6618158 ], [ -17.4317589, 14.6617879 ], [ -17.4317495, 14.66176 ], [ -17.4318413, 14.6614577 ], [ -17.4318534, 14.661422 ], [ -17.4318722, 14.6613935 ], [ -17.4319969, 14.6612955 ], [ -17.4322692, 14.6611359 ], [ -17.432296, 14.6611087 ], [ -17.4323201, 14.6610295 ], [ -17.4324059, 14.6605858 ], [ -17.4324502, 14.6604561 ], [ -17.4325441, 14.6603458 ], [ -17.4327479, 14.6602498 ], [ -17.4329863, 14.6601935 ], [ -17.4331006, 14.6601278 ], [ -17.4331516, 14.6600578 ], [ -17.4332267, 14.6599514 ], [ -17.4332394, 14.6599215 ], [ -17.4332348, 14.6598956 ], [ -17.4331873, 14.6598344 ], [ -17.4331855, 14.6598213 ], [ -17.4331959, 14.6598061 ], [ -17.433218, 14.6597989 ], [ -17.4332363, 14.6598049 ], [ -17.4332498, 14.6598236 ], [ -17.4332666, 14.6598455 ], [ -17.4332847, 14.6598502 ], [ -17.4333152, 14.6598352 ], [ -17.4333878, 14.6598082 ], [ -17.4337538, 14.6597619 ], [ -17.4339236, 14.6597338 ], [ -17.4340689, 14.6596594 ], [ -17.4341018, 14.6596225 ], [ -17.4340917, 14.6595647 ], [ -17.4340823, 14.6594713 ], [ -17.4340568, 14.6593312 ], [ -17.4340247, 14.6592806 ], [ -17.4339697, 14.6592404 ], [ -17.4336451, 14.6590665 ], [ -17.4334976, 14.6589394 ], [ -17.433397, 14.6587889 ], [ -17.4333273, 14.6586176 ], [ -17.4332804, 14.6584178 ], [ -17.4332522, 14.6581674 ], [ -17.4333099, 14.6579585 ], [ -17.4333642, 14.6578443 ], [ -17.4334681, 14.6577386 ], [ -17.4336398, 14.6575913 ], [ -17.4336967, 14.6574275 ] ] ] }, { "type": "Point", "coordinates": [ -17.4205191, 14.6787882 ] } ] } },
{ "type": "Feature", "properties": { "osm_id": 12988837, "commune": "Dieuppeul-Derklé", "departement": "Dakar", "zone_prioritaire": null, "prioritaire": false, "surface_km2": 1.344, "pct_mer_retire": 0.0, "wikidata": "Q3027622" }, "geometry": { "type": "Polygon", "coordinates": [ [ [ -17.4458439, 14.7239323 ], [ -17.4470099, 14.7220192 ], [ -17.4477506, 14.7211967 ], [ -17.4504773, 14.7180887 ], [ -17.4514005, 14.7170093 ], [ -17.4547131, 14.7132906 ], [ -17.4549424, 14.7139111 ], [ -17.4580265, 14.7229714 ], [ -17.4572362, 14.7229086 ], [ -17.4564328, 14.7285226 ], [ -17.4498268, 14.7275889 ], [ -17.4441939, 14.7267927 ], [ -17.4458439, 14.7239323 ] ] ] } },
{ "type": "Feature", "properties": { "osm_id": 12989253, "commune": "Fann-Point E-Amitié", "departement": "Dakar", "zone_prioritaire": null, "prioritaire": false, "surface_km2": 4.527, "pct_mer_retire": 3.6, "wikidata": "Q3066423" }, "geometry": { "type": "Polygon", "coordinates": [ [ [ -17.4517192, 14.6964891 ], [ -17.4524782, 14.6957458 ], [ -17.4537509, 14.6945228 ], [ -17.4539414, 14.6943412 ], [ -17.454443, 14.6938067 ], [ -17.4547326, 14.6935395 ], [ -17.4569776, 14.6914029 ], [ -17.4570957, 14.6913147 ], [ -17.4574765, 14.6909774 ], [ -17.458131, 14.6903444 ], [ -17.4584314, 14.6900175 ], [ -17.4586728, 14.6896698 ], [ -17.458941, 14.6892183 ], [ -17.4591234, 14.6889329 ], [ -17.4592468, 14.6885905 ], [ -17.459456, 14.6882078 ], [ -17.4595445, 14.6880755 ], [ -17.4602553, 14.6868301 ], [ -17.4603867, 14.6866069 ], [ -17.4604913, 14.6863137 ], [ -17.4605155, 14.6861191 ], [ -17.4604913, 14.6806406 ], [ -17.460494, 14.6800828 ], [ -17.4604887, 14.6797688 ], [ -17.4606308, 14.6785845 ], [ -17.4608615, 14.6786078 ], [ -17.4615803, 14.6786 ], [ -17.4617949, 14.6785689 ], [ -17.4619746, 14.6785066 ], [ -17.4622536, 14.6783432 ], [ -17.4624091, 14.6781979 ], [ -17.4626505, 14.6779358 ], [ -17.4628215, 14.6777075 ], [ -17.4629429, 14.6775336 ], [ -17.4629986, 14.6774201 ], [ -17.4629617, 14.6771963 ], [ -17.4628101, 14.6768772 ], [ -17.4627551, 14.6768071 ], [ -17.4627314, 14.6767688 ], [ -17.4626558, 14.6766401 ], [ -17.4626385, 14.6766151 ], [ -17.4626103, 14.6765632 ], [ -17.4625647, 14.6763037 ], [ -17.4625379, 14.676187 ], [ -17.4624574, 14.6758237 ], [ -17.4627733, 14.6756825 ], [ -17.4626844, 14.6754732 ], [ -17.462613, 14.6754657 ], [ -17.4625848, 14.6754527 ], [ -17.4625808, 14.6754332 ], [ -17.4625982, 14.6753982 ], [ -17.4626412, 14.6753697 ], [ -17.4627391, 14.67531 ], [ -17.4631548, 14.6746561 ], [ -17.463479, 14.6746023 ], [ -17.4638261, 14.6746286 ], [ -17.4644875, 14.6748709 ], [ -17.4644846, 14.6750164 ], [ -17.464424, 14.6750567 ], [ -17.4643379, 14.6750879 ], [ -17.4642228, 14.6751569 ], [ -17.4642154, 14.6752162 ], [ -17.4644841, 14.6756978 ], [ -17.4645362, 14.6758467 ], [ -17.4645495, 14.6759042 ], [ -17.4645415, 14.6759573 ], [ -17.464508, 14.6761221 ], [ -17.464559, 14.6763556 ], [ -17.4647372, 14.6766385 ], [ -17.4649881, 14.6768655 ], [ -17.4651839, 14.6769421 ], [ -17.4654548, 14.6769187 ], [ -17.465744, 14.6767698 ], [ -17.465923, 14.6765063 ], [ -17.466062, 14.6763017 ], [ -17.4661999, 14.6761821 ], [ -17.4662391, 14.6761481 ], [ -17.4667677, 14.6755798 ], [ -17.466822, 14.6755357 ], [ -17.4668475, 14.6755104 ], [ -17.4668549, 14.6755039 ], [ -17.466873, 14.6754929 ], [ -17.4669023, 14.6754898 ], [ -17.4669233, 14.6755036 ], [ -17.4669396, 14.6755238 ], [ -17.4669484, 14.675548 ], [ -17.4669489, 14.6755736 ], [ -17.466941, 14.675598 ], [ -17.4669255, 14.6756188 ], [ -17.466877, 14.675635 ], [ -17.4668087, 14.6756616 ], [ -17.4663129, 14.6762082 ], [ -17.4662934, 14.6762561 ], [ -17.4663159, 14.6763063 ], [ -17.4663764, 14.6763448 ], [ -17.4664929, 14.6763563 ], [ -17.4666687, 14.6763842 ], [ -17.4667422, 14.6764075 ], [ -17.4668053, 14.6764361 ], [ -17.4667624, 14.6766735 ], [ -17.4675147, 14.6768279 ], [ -17.4675121, 14.6767514 ], [ -17.4675696, 14.6766909 ], [ -17.4678889, 14.6767266 ], [ -17.4680647, 14.676609 ], [ -17.4683004, 14.6763092 ], [ -17.4682905, 14.6762705 ], [ -17.4682791, 14.6762255 ], [ -17.4682738, 14.6761156 ], [ -17.468338, 14.6756208 ], [ -17.468251, 14.6756161 ], [ -17.4682973, 14.6750039 ], [ -17.4677484, 14.6749221 ], [ -17.4677394, 14.6749993 ], [ -17.4677266, 14.6750392 ], [ -17.4677018, 14.6750515 ], [ -17.4676827, 14.6750268 ], [ -17.467676, 14.6749146 ], [ -17.4674085, 14.6749007 ], [ -17.4670522, 14.6750646 ], [ -17.4670158, 14.6751256 ], [ -17.4669694, 14.6751602 ], [ -17.4669222, 14.6751682 ], [ -17.4668629, 14.6751575 ], [ -17.4668281, 14.6751295 ], [ -17.4668202, 14.6751029 ], [ -17.4668352, 14.6750592 ], [ -17.4668633, 14.6750353 ], [ -17.4673452, 14.6747897 ], [ -17.467435, 14.6747714 ], [ -17.4676547, 14.6747865 ], [ -17.4681532, 14.6748619 ], [ -17.4682546, 14.6748757 ], [ -17.4683388, 14.6748882 ], [ -17.4684119, 14.6748991 ], [ -17.4684624, 14.6748269 ], [ -17.4685125, 14.6747093 ], [ -17.4685293, 14.6746821 ], [ -17.4685608, 14.6746691 ], [ -17.4686607, 14.6746845 ], [ -17.4688357, 14.6747132 ], [ -17.4690678, 14.6747219 ], [ -17.469306, 14.6746883 ], [ -17.4695867, 14.6745861 ], [ -17.4697885, 14.6740412 ], [ -17.4698349, 14.673991 ], [ -17.4699148, 14.6739829 ], [ -17.4699515, 14.6740178 ], [ -17.4699626, 14.6740554 ], [ -17.469956, 14.6741526 ], [ -17.4697725, 14.6746426 ], [ -17.469745, 14.6747767 ], [ -17.4700387, 14.6750155 ], [ -17.4702908, 14.6751673 ], [ -17.4704316, 14.6753463 ], [ -17.4704746, 14.6758393 ], [ -17.4702774, 14.6759547 ], [ -17.4700105, 14.6765113 ], [ -17.4700481, 14.6767864 ], [ -17.4700239, 14.676955 ], [ -17.4700541, 14.6772381 ], [ -17.4697445, 14.6775109 ], [ -17.4695827, 14.6777334 ], [ -17.4694714, 14.6777749 ], [ -17.4692823, 14.6778502 ], [ -17.4691133, 14.6780007 ], [ -17.4689993, 14.6781966 ], [ -17.46895, 14.6783951 ], [ -17.4689966, 14.6784586 ], [ -17.4688814, 14.6787649 ], [ -17.4689618, 14.6789114 ], [ -17.4689618, 14.6790437 ], [ -17.4691603, 14.6791254 ], [ -17.469176, 14.6792554 ], [ -17.4692568, 14.6793602 ], [ -17.4692233, 14.679442 ], [ -17.4692407, 14.6795393 ], [ -17.469289, 14.6796418 ], [ -17.4693561, 14.6796976 ], [ -17.4694231, 14.6797962 ], [ -17.4695116, 14.6798507 ], [ -17.4696565, 14.6798325 ], [ -17.4697584, 14.6798662 ], [ -17.4697503, 14.6799804 ], [ -17.4696887, 14.6800479 ], [ -17.4696082, 14.6801179 ], [ -17.4695867, 14.6802477 ], [ -17.4695906, 14.6803214 ], [ -17.4695844, 14.6803985 ], [ -17.4695402, 14.680461 ], [ -17.4695365, 14.6805092 ], [ -17.4695921, 14.6806005 ], [ -17.4696109, 14.6806524 ], [ -17.4696189, 14.6807225 ], [ -17.4696618, 14.6807419 ], [ -17.4696732, 14.6808003 ], [ -17.4696558, 14.6808567 ], [ -17.4695291, 14.6809008 ], [ -17.4695163, 14.6809756 ], [ -17.4695512, 14.6810083 ], [ -17.4695753, 14.6810871 ], [ -17.4695928, 14.6811019 ], [ -17.4695921, 14.6811337 ], [ -17.4695209, 14.6812358 ], [ -17.4695505, 14.6814068 ], [ -17.4695814, 14.6814678 ], [ -17.4696209, 14.6814944 ], [ -17.4696176, 14.6815313 ], [ -17.4695626, 14.6815469 ], [ -17.4695274, 14.6816774 ], [ -17.4695103, 14.6819277 ], [ -17.4694201, 14.6820284 ], [ -17.4693225, 14.682108 ], [ -17.4693497, 14.6821862 ], [ -17.4692957, 14.6823804 ], [ -17.4692993, 14.6825428 ], [ -17.4692622, 14.6826503 ], [ -17.4692112, 14.6828163 ], [ -17.4691898, 14.6829383 ], [ -17.4691898, 14.6833664 ], [ -17.4692595, 14.6838801 ], [ -17.4693453, 14.6842641 ], [ -17.4694151, 14.684438 ], [ -17.4696296, 14.6846922 ], [ -17.469863, 14.6848557 ], [ -17.4699837, 14.6849776 ], [ -17.4700373, 14.6851852 ], [ -17.469973, 14.6853279 ], [ -17.4698094, 14.6854602 ], [ -17.4696913, 14.685756 ], [ -17.4697074, 14.6860803 ], [ -17.4698415, 14.6863554 ], [ -17.469914, 14.6864851 ], [ -17.4699917, 14.6865915 ], [ -17.4701473, 14.6866849 ], [ -17.4703351, 14.6867731 ], [ -17.4705255, 14.6868276 ], [ -17.4706301, 14.686908 ], [ -17.470724, 14.6870585 ], [ -17.4708045, 14.6871675 ], [ -17.47096, 14.6872427 ], [ -17.4712738, 14.6873595 ], [ -17.4715447, 14.6873517 ], [ -17.4717245, 14.6873517 ], [ -17.4720114, 14.6873309 ], [ -17.4723789, 14.6872816 ], [ -17.4724647, 14.6872194 ], [ -17.4725533, 14.6872038 ], [ -17.472674, 14.6872427 ], [ -17.4727705, 14.6873517 ], [ -17.4728537, 14.6874243 ], [ -17.4729395, 14.6874581 ], [ -17.4731353, 14.6874191 ], [ -17.4732024, 14.6874269 ], [ -17.4732444, 14.6874752 ], [ -17.4732426, 14.6875956 ], [ -17.4731414, 14.6876578 ], [ -17.472969, 14.6877798 ], [ -17.4729127, 14.6878706 ], [ -17.4729207, 14.687964 ], [ -17.4729824, 14.6881404 ], [ -17.4730682, 14.6883195 ], [ -17.4731916, 14.6885322 ], [ -17.4732614, 14.688636 ], [ -17.4734675, 14.68887 ], [ -17.4735886, 14.6889525 ], [ -17.4738139, 14.689129 ], [ -17.4740526, 14.6891367 ], [ -17.4741519, 14.689103 ], [ -17.4742377, 14.6890926 ], [ -17.4743047, 14.6891186 ], [ -17.4743396, 14.6892535 ], [ -17.4743611, 14.6894922 ], [ -17.4743557, 14.689762 ], [ -17.4742591, 14.6900941 ], [ -17.4741679, 14.69046 ], [ -17.4741921, 14.6906468 ], [ -17.4744013, 14.6909866 ], [ -17.4745917, 14.6911942 ], [ -17.4748707, 14.6913732 ], [ -17.4753964, 14.6913084 ], [ -17.4756432, 14.6913084 ], [ -17.4760079, 14.6915367 ], [ -17.4763085, 14.6917261 ], [ -17.4764421, 14.6918288 ], [ -17.4765873, 14.691944 ], [ -17.476657, 14.6920452 ], [ -17.4766812, 14.6921568 ], [ -17.4766892, 14.6923695 ], [ -17.4767509, 14.6924863 ], [ -17.4768797, 14.6925797 ], [ -17.4770889, 14.692616 ], [ -17.4774421, 14.6926823 ], [ -17.4774617, 14.6927263 ], [ -17.4774604, 14.6927541 ], [ -17.4774349, 14.6927769 ], [ -17.4773544, 14.6927898 ], [ -17.477105, 14.6928002 ], [ -17.4768153, 14.6928184 ], [ -17.4765985, 14.692809 ], [ -17.4764465, 14.6927989 ], [ -17.4762869, 14.6927574 ], [ -17.4760026, 14.6926705 ], [ -17.4758765, 14.6927743 ], [ -17.4757934, 14.6929429 ], [ -17.4756914, 14.6931089 ], [ -17.4756428, 14.6932022 ], [ -17.4753749, 14.6935422 ], [ -17.4751309, 14.6939522 ], [ -17.4749297, 14.6942427 ], [ -17.4743208, 14.6950808 ], [ -17.4737951, 14.6958461 ], [ -17.4736208, 14.6961782 ], [ -17.4735779, 14.6964662 ], [ -17.4735147, 14.6967212 ], [ -17.4735189, 14.696928 ], [ -17.4735752, 14.697203 ], [ -17.4737114, 14.6973533 ], [ -17.4739254, 14.6975895 ], [ -17.474010523671279, 14.697655354875637 ], [ -17.4719911, 14.6985746 ], [ -17.4705234, 14.7003928 ], [ -17.4670516, 14.6972579 ], [ -17.4670516, 14.6994497 ], [ -17.4600565, 14.7072002 ], [ -17.4513818, 14.6969204 ], [ -17.4517192, 14.6964891 ] ] ] } },
{ "type": "Feature", "properties": { "osm_id": 12989257, "commune": "Gorée", "departement": "Dakar", "zone_prioritaire": null, "prioritaire": false, "surface_km2": 0.182, "pct_mer_retire": 0.1, "wikidata": "Q244347" }, "geometry": { "type": "Polygon", "coordinates": [ [ [ -17.3984132, 14.6635292 ], [ -17.3984344, 14.6636173 ], [ -17.3984425, 14.6636906 ], [ -17.3984599, 14.6638112 ], [ -17.3984841, 14.6639235 ], [ -17.3985317, 14.6640467 ], [ -17.3985884, 14.6643093 ], [ -17.3985965, 14.6643787 ], [ -17.3986007, 14.6644839 ], [ -17.3986027, 14.6645268 ], [ -17.3986202, 14.6646137 ], [ -17.398822, 14.6650126 ], [ -17.3988971, 14.6651281 ], [ -17.3989739, 14.6652371 ], [ -17.3989903, 14.6652604 ], [ -17.399027, 14.6653327 ], [ -17.3990312, 14.6653409 ], [ -17.3990527, 14.6654868 ], [ -17.3990674, 14.6655115 ], [ -17.3990963, 14.6655491 ], [ -17.3991284, 14.6656134 ], [ -17.3991352, 14.665662 ], [ -17.399164, 14.6657184 ], [ -17.3991895, 14.6657554 ], [ -17.3992572, 14.6658255 ], [ -17.3993658, 14.6659241 ], [ -17.399404, 14.6659591 ], [ -17.3994416, 14.6659993 ], [ -17.3995154, 14.6660596 ], [ -17.3996186, 14.6661505 ], [ -17.3996709, 14.6662179 ], [ -17.3996957, 14.6662789 ], [ -17.3997407, 14.6663756 ], [ -17.3997715, 14.6664638 ], [ -17.3997983, 14.6665371 ], [ -17.3998198, 14.666602 ], [ -17.3998446, 14.6667596 ], [ -17.3998775, 14.6669146 ], [ -17.3999083, 14.6670275 ], [ -17.3999338, 14.667156 ], [ -17.3999459, 14.6672533 ], [ -17.3999633, 14.6673726 ], [ -17.3999982, 14.6675445 ], [ -17.4000324, 14.6676983 ], [ -17.4000914, 14.6678702 ], [ -17.4001464, 14.6679805 ], [ -17.400272, 14.6681421 ], [ -17.4004085, 14.6682977 ], [ -17.4004761, 14.66838 ], [ -17.4005017, 14.6684397 ], [ -17.4005472, 14.6685338 ], [ -17.4005641, 14.6685688 ], [ -17.4006003, 14.6686548 ], [ -17.4006087, 14.6686856 ], [ -17.4006218, 14.6687712 ], [ -17.4006298, 14.6688484 ], [ -17.4006365, 14.668936 ], [ -17.4006335, 14.6689937 ], [ -17.4006345, 14.6690459 ], [ -17.4006258, 14.669115 ], [ -17.400611, 14.6691857 ], [ -17.400601, 14.6692441 ], [ -17.4005648, 14.6693298 ], [ -17.4005232, 14.6693888 ], [ -17.4004917, 14.6694413 ], [ -17.4004313, 14.6696074 ], [ -17.400373, 14.6697404 ], [ -17.4003321, 14.6698344 ], [ -17.4002858, 14.6699972 ], [ -17.4001685, 14.6703132 ], [ -17.4001075, 14.6704559 ], [ -17.4000904, 14.6705013 ], [ -17.4000917, 14.6705438 ], [ -17.400139, 14.6706401 ], [ -17.4001423, 14.670703 ], [ -17.4001054, 14.6707692 ], [ -17.4000357, 14.670838 ], [ -17.399974, 14.6708879 ], [ -17.3998788, 14.6709469 ], [ -17.3997742, 14.6710112 ], [ -17.3996441, 14.671089 ], [ -17.3995516, 14.6711422 ], [ -17.3994476, 14.6711895 ], [ -17.399333, 14.6712434 ], [ -17.3992632, 14.6712564 ], [ -17.3992076, 14.671257 ], [ -17.3991419, 14.6712207 ], [ -17.3991211, 14.6711824 ], [ -17.3991291, 14.6711201 ], [ -17.3991472, 14.6710377 ], [ -17.399168, 14.6709288 ], [ -17.3992123, 14.6707471 ], [ -17.3992331, 14.6706576 ], [ -17.3992431, 14.6705966 ], [ -17.3992378, 14.6705331 ], [ -17.3992317, 14.6704637 ], [ -17.399229, 14.670404 ], [ -17.399221, 14.6703359 ], [ -17.3992042, 14.670258 ], [ -17.3991445, 14.6701932 ], [ -17.3987382, 14.6699982 ], [ -17.3987524, 14.6699626 ], [ -17.3993626, 14.670244 ], [ -17.3994851, 14.6699074 ], [ -17.3992546, 14.6698082 ], [ -17.3992661, 14.6697854 ], [ -17.3994972, 14.6698781 ], [ -17.3995489, 14.6697533 ], [ -17.3995777, 14.6696755 ], [ -17.3996092, 14.6695691 ], [ -17.3996122, 14.6694788 ], [ -17.3995954, 14.6694109 ], [ -17.3995582, 14.6693213 ], [ -17.3994807, 14.6691666 ], [ -17.3994189, 14.6690404 ], [ -17.3993905, 14.668954 ], [ -17.3993913, 14.6689276 ], [ -17.3993343, 14.6688575 ], [ -17.3992606, 14.6687991 ], [ -17.3991841, 14.6687531 ], [ -17.3991023, 14.6687154 ], [ -17.3989441, 14.6686545 ], [ -17.3989316, 14.6686876 ], [ -17.3989058, 14.6687263 ], [ -17.398891, 14.6687392 ], [ -17.3986072, 14.6693261 ], [ -17.3985547, 14.6692998 ], [ -17.3987767, 14.6688228 ], [ -17.3987067, 14.6687518 ], [ -17.3985069, 14.6686266 ], [ -17.3984016, 14.6685935 ], [ -17.3982956, 14.6685896 ], [ -17.3981877, 14.6686103 ], [ -17.3980178, 14.6685952 ], [ -17.3979046, 14.6685613 ], [ -17.3977995, 14.6685329 ], [ -17.3976472, 14.6684628 ], [ -17.3975366, 14.6683366 ], [ -17.3974635, 14.6682017 ], [ -17.3973803, 14.6680265 ], [ -17.3972864, 14.667878 ], [ -17.3972274, 14.6678137 ], [ -17.3971725, 14.6677489 ], [ -17.3970967, 14.6676717 ], [ -17.3970102, 14.6675815 ], [ -17.3968706, 14.6673736 ], [ -17.3967949, 14.667261 ], [ -17.396742, 14.6671264 ], [ -17.3967192, 14.6669173 ], [ -17.3966749, 14.6666798 ], [ -17.3966658, 14.6666263 ], [ -17.3966563, 14.6665708 ], [ -17.3966313, 14.6664923 ], [ -17.3966083, 14.6664274 ], [ -17.3966032, 14.6663782 ], [ -17.39664, 14.6662491 ], [ -17.3966709, 14.6661141 ], [ -17.3966722, 14.6658871 ], [ -17.3966541, 14.6655264 ], [ -17.3966756, 14.6652812 ], [ -17.3966977, 14.6651897 ], [ -17.3967701, 14.665082 ], [ -17.3967943, 14.664988 ], [ -17.3968023, 14.6649043 ], [ -17.3968345, 14.6648122 ], [ -17.3968613, 14.6647298 ], [ -17.3968955, 14.6646267 ], [ -17.3968915, 14.6645683 ], [ -17.3968627, 14.6645079 ], [ -17.3968412, 14.6644599 ], [ -17.3968181, 14.6644213 ], [ -17.396803, 14.6643714 ], [ -17.3968073, 14.6643484 ], [ -17.3968248, 14.6643344 ], [ -17.3968355, 14.6643357 ], [ -17.396916, 14.6643938 ], [ -17.3969361, 14.664396 ], [ -17.3969418, 14.6643831 ], [ -17.3969394, 14.6643688 ], [ -17.3968848, 14.6642997 ], [ -17.3968707, 14.6642822 ], [ -17.3968513, 14.6642069 ], [ -17.3968466, 14.6641537 ], [ -17.3968466, 14.6641142 ], [ -17.3968613, 14.6640902 ], [ -17.3968989, 14.6640843 ], [ -17.3969337, 14.6640973 ], [ -17.3969606, 14.6641356 ], [ -17.3970239, 14.664182 ], [ -17.397038, 14.6641774 ], [ -17.3970467, 14.6641709 ], [ -17.3970507, 14.6641632 ], [ -17.3970514, 14.6641482 ], [ -17.3970457, 14.6641426 ], [ -17.3970377, 14.6641349 ], [ -17.397031, 14.6641265 ], [ -17.3970108, 14.664096 ], [ -17.3970058, 14.6640785 ], [ -17.3969981, 14.664035 ], [ -17.3970095, 14.6639945 ], [ -17.3970296, 14.663975 ], [ -17.3970796, 14.663988 ], [ -17.3971158, 14.6639958 ], [ -17.3971376, 14.6639906 ], [ -17.3971456, 14.6639494 ], [ -17.397152, 14.6639235 ], [ -17.3971617, 14.6638943 ], [ -17.3971869, 14.6638566 ], [ -17.3972103, 14.663831 ], [ -17.3972268, 14.6638236 ], [ -17.3972804, 14.6638325 ], [ -17.3973086, 14.6638331 ], [ -17.3973148, 14.663825 ], [ -17.3973109, 14.6638156 ], [ -17.3972893, 14.6638067 ], [ -17.3972697, 14.6637906 ], [ -17.3972685, 14.6637767 ], [ -17.3972834, 14.6637528 ], [ -17.3973062, 14.6637249 ], [ -17.397322, 14.6637188 ], [ -17.3973352, 14.6637238 ], [ -17.3973644, 14.6637417 ], [ -17.3973771, 14.6637418 ], [ -17.397386, 14.663735 ], [ -17.3973894, 14.6637191 ], [ -17.3973857, 14.6637031 ], [ -17.3973518, 14.6636539 ], [ -17.3973605, 14.6636075 ], [ -17.3973924, 14.6635569 ], [ -17.3974159, 14.6635378 ], [ -17.3974383, 14.6635303 ], [ -17.3974692, 14.6635418 ], [ -17.3974873, 14.6635391 ], [ -17.3975, 14.6635264 ], [ -17.3975205, 14.6635057 ], [ -17.3975419, 14.6634966 ], [ -17.397561, 14.663495 ], [ -17.3975882, 14.6635161 ], [ -17.3976143, 14.6635628 ], [ -17.3976278, 14.6635858 ], [ -17.3976408, 14.6635913 ], [ -17.3976579, 14.6635903 ], [ -17.3976663, 14.6635692 ], [ -17.3976512, 14.6635411 ], [ -17.3976197, 14.6634964 ], [ -17.3976063, 14.6634632 ], [ -17.3975942, 14.6633971 ], [ -17.3975963, 14.6633241 ], [ -17.3976065, 14.6632802 ], [ -17.3976505, 14.6632502 ], [ -17.3977049, 14.6632417 ], [ -17.3977545, 14.6632709 ], [ -17.397784, 14.6633351 ], [ -17.3977994, 14.6634298 ], [ -17.3978189, 14.6635706 ], [ -17.3978249, 14.6635965 ], [ -17.3978376, 14.6636043 ], [ -17.3978698, 14.6635981 ], [ -17.3979, 14.6635796 ], [ -17.3979055, 14.6635542 ], [ -17.3979034, 14.6634557 ], [ -17.397896, 14.6632877 ], [ -17.3978893, 14.6631911 ], [ -17.3979121, 14.6631606 ], [ -17.397951, 14.663158 ], [ -17.3979818, 14.6631839 ], [ -17.3980039, 14.6632439 ], [ -17.3980324, 14.6632614 ], [ -17.3980593, 14.6632589 ], [ -17.3980884, 14.6632465 ], [ -17.3981111, 14.6632498 ], [ -17.3981313, 14.6632686 ], [ -17.3981579, 14.66332 ], [ -17.3981738, 14.6633531 ], [ -17.3981881, 14.6634074 ], [ -17.3982306, 14.6634518 ], [ -17.3982836, 14.6634668 ], [ -17.3983102, 14.6634703 ], [ -17.3983426, 14.6634745 ], [ -17.3983902, 14.6634998 ], [ -17.3984132, 14.6635292 ] ] ] } },
{ "type": "Feature", "properties": { "osm_id": 12982373, "commune": "Grand Yoff", "departement": "Dakar", "zone_prioritaire": "Grand Yoff", "prioritaire": true, "surface_km2": 6.244, "pct_mer_retire": -0.0, "wikidata": "Q3114638" }, "geometry": { "type": "Polygon", "coordinates": [ [ [ -17.47094, 14.7418193 ], [ -17.4704358, 14.7428257 ], [ -17.4698564, 14.7437388 ], [ -17.4690947, 14.7446518 ], [ -17.4684188, 14.7452847 ], [ -17.4674746, 14.7459073 ], [ -17.4666271, 14.7463741 ], [ -17.4658224, 14.7466958 ], [ -17.4647066, 14.7471419 ], [ -17.4636337, 14.7475725 ], [ -17.4626037, 14.7481017 ], [ -17.4623248, 14.7477696 ], [ -17.4619064, 14.7472924 ], [ -17.4616489, 14.747033 ], [ -17.4613056, 14.7467632 ], [ -17.460973, 14.7465142 ], [ -17.4605867, 14.7462756 ], [ -17.4600395, 14.7459954 ], [ -17.4594709, 14.7457983 ], [ -17.4589989, 14.7456946 ], [ -17.4585268, 14.7456219 ], [ -17.4575826, 14.7454767 ], [ -17.4567243, 14.745321 ], [ -17.4556944, 14.7451654 ], [ -17.4544606, 14.7449683 ], [ -17.4539187, 14.7448723 ], [ -17.4492857, 14.744055 ], [ -17.4446151, 14.7433401 ], [ -17.4425443, 14.7430286 ], [ -17.4418915, 14.7428284 ], [ -17.4412262, 14.7425859 ], [ -17.440115, 14.7420219 ], [ -17.4391728, 14.7407381 ], [ -17.4390183, 14.739742 ], [ -17.4394303, 14.73897 ], [ -17.4395847, 14.7376751 ], [ -17.4405117, 14.7255475 ], [ -17.4421339, 14.7265187 ], [ -17.4441939, 14.7267927 ], [ -17.4498268, 14.7275889 ], [ -17.4564328, 14.7285226 ], [ -17.4569619, 14.7285978 ], [ -17.4619608, 14.7293079 ], [ -17.4641237, 14.7296067 ], [ -17.4705772, 14.7320504 ], [ -17.4712241, 14.732239 ], [ -17.4715254, 14.7321533 ], [ -17.4730939, 14.731142 ], [ -17.4733982, 14.732675 ], [ -17.4734495, 14.7344613 ], [ -17.4729706, 14.7360989 ], [ -17.4712405, 14.7410722 ], [ -17.47094, 14.7418193 ] ] ] } },
{ "type": "Feature", "properties": { "osm_id": 6998697, "commune": "Grand-Dakar", "departement": "Dakar", "zone_prioritaire": null, "prioritaire": false, "surface_km2": 1.039, "pct_mer_retire": 0.0, "wikidata": "Q3113582" }, "geometry": { "type": "Polygon", "coordinates": [ [ [ -17.4547131, 14.7132906 ], [ -17.4544538, 14.7130343 ], [ -17.4515058, 14.7044331 ], [ -17.4514468, 14.704373 ], [ -17.4514251, 14.7043129 ], [ -17.4514251, 14.7042528 ], [ -17.4505962, 14.7035631 ], [ -17.45058, 14.7035496 ], [ -17.4500223, 14.7032185 ], [ -17.4472203, 14.7021139 ], [ -17.4470066, 14.7020199 ], [ -17.4472463, 14.6984489 ], [ -17.4473166, 14.6983851 ], [ -17.4474353, 14.6983511 ], [ -17.4479274, 14.6984234 ], [ -17.4488017, 14.6984744 ], [ -17.4493246, 14.6983936 ], [ -17.4498914, 14.6982321 ], [ -17.4504186, 14.6979261 ], [ -17.4513818, 14.6969204 ], [ -17.4600565, 14.7072002 ], [ -17.4547131, 14.7132906 ] ] ] } },
{ "type": "Feature", "properties": { "osm_id": 12989254, "commune": "Gueule Tapée-Fass-Colobane", "departement": "Dakar", "zone_prioritaire": null, "prioritaire": false, "surface_km2": 2.03, "pct_mer_retire": -0.0, "wikidata": "Q3119246" }, "geometry": { "type": "Polygon", "coordinates": [ [ [ -17.4604887, 14.6797688 ], [ -17.460494, 14.6800828 ], [ -17.4604913, 14.6806406 ], [ -17.4605155, 14.6861191 ], [ -17.4604913, 14.6863137 ], [ -17.4603867, 14.6866069 ], [ -17.4602553, 14.6868301 ], [ -17.4595445, 14.6880755 ], [ -17.459456, 14.6882078 ], [ -17.4592468, 14.6885905 ], [ -17.4591234, 14.6889329 ], [ -17.458941, 14.6892183 ], [ -17.4586728, 14.6896698 ], [ -17.4584314, 14.6900175 ], [ -17.458131, 14.6903444 ], [ -17.4574765, 14.6909774 ], [ -17.4570957, 14.6913147 ], [ -17.4569776, 14.6914029 ], [ -17.4547326, 14.6935395 ], [ -17.454443, 14.6938067 ], [ -17.4539414, 14.6943412 ], [ -17.4537509, 14.6945228 ], [ -17.4524782, 14.6957458 ], [ -17.4517192, 14.6964891 ], [ -17.4513818, 14.6969204 ], [ -17.4504186, 14.6979261 ], [ -17.4498914, 14.6982321 ], [ -17.4493246, 14.6983936 ], [ -17.4488017, 14.6984744 ], [ -17.4479274, 14.6984234 ], [ -17.4474353, 14.6983511 ], [ -17.4473166, 14.6983851 ], [ -17.4466276, 14.6977947 ], [ -17.4462162, 14.6975905 ], [ -17.4456966, 14.6974596 ], [ -17.4452419, 14.6974648 ], [ -17.444706, 14.697669 ], [ -17.4439739, 14.6980155 ], [ -17.4426382, 14.6992025 ], [ -17.4422606, 14.6996519 ], [ -17.4421446, 14.6998241 ], [ -17.4426485, 14.6922527 ], [ -17.4425939, 14.6908437 ], [ -17.4421569, 14.6892938 ], [ -17.4423111, 14.6891646 ], [ -17.4425927, 14.6888954 ], [ -17.4437583, 14.687729 ], [ -17.4449602, 14.6884769 ], [ -17.4462999, 14.6898543 ], [ -17.4469045, 14.6902777 ], [ -17.4469529, 14.6903421 ], [ -17.4472265, 14.6911568 ], [ -17.4475027, 14.6921077 ], [ -17.4476368, 14.6924553 ], [ -17.4478729, 14.6927628 ], [ -17.4486588, 14.6937111 ], [ -17.4487982, 14.6934983 ], [ -17.4490987, 14.6929327 ], [ -17.4493186, 14.6925436 ], [ -17.4495224, 14.6921336 ], [ -17.4496941, 14.6917911 ], [ -17.4498282, 14.6915628 ], [ -17.4500213, 14.6912048 ], [ -17.4501876, 14.6908986 ], [ -17.4503378, 14.6905769 ], [ -17.4505095, 14.6902656 ], [ -17.4506597, 14.6900165 ], [ -17.4509547, 14.6894768 ], [ -17.4511425, 14.6891344 ], [ -17.4513946, 14.6886206 ], [ -17.4515931, 14.6883197 ], [ -17.4517755, 14.6879279 ], [ -17.4519633, 14.6875906 ], [ -17.4521617, 14.6871858 ], [ -17.4523763, 14.6867863 ], [ -17.4527612, 14.6860475 ], [ -17.4528965, 14.6858064 ], [ -17.4534747, 14.6847761 ], [ -17.4537429, 14.6847346 ], [ -17.4538555, 14.6845374 ], [ -17.4537804, 14.6842416 ], [ -17.4539467, 14.6838576 ], [ -17.454113, 14.6834633 ], [ -17.4543544, 14.682934 ], [ -17.4544993, 14.682607 ], [ -17.4546709, 14.6822438 ], [ -17.4549016, 14.6817508 ], [ -17.45554, 14.6804691 ], [ -17.4561354, 14.6792599 ], [ -17.4567523, 14.6788189 ], [ -17.457388, 14.6783842 ], [ -17.4577689, 14.6781118 ], [ -17.4585407, 14.6774568 ], [ -17.4587717, 14.6774572 ], [ -17.4587804, 14.6774675 ], [ -17.4587973, 14.6775496 ], [ -17.4588163, 14.6775675 ], [ -17.4588329, 14.6775824 ], [ -17.4588686, 14.6776141 ], [ -17.458933, 14.6776711 ], [ -17.458937, 14.6777088 ], [ -17.4589571, 14.6777464 ], [ -17.4590912, 14.6779046 ], [ -17.459397, 14.6781356 ], [ -17.4597859, 14.6783458 ], [ -17.4601185, 14.6784729 ], [ -17.4606308, 14.6785845 ], [ -17.4604887, 14.6797688 ] ] ] } },
{ "type": "Feature", "properties": { "osm_id": 12988836, "commune": "HLM", "departement": "Dakar", "zone_prioritaire": null, "prioritaire": false, "surface_km2": 1.742, "pct_mer_retire": -0.0, "wikidata": "Q3124897" }, "geometry": { "type": "Polygon", "coordinates": [ [ [ -17.4421339, 14.7265187 ], [ -17.4405117, 14.7255475 ], [ -17.4421446, 14.6998241 ], [ -17.4422606, 14.6996519 ], [ -17.4426382, 14.6992025 ], [ -17.4439739, 14.6980155 ], [ -17.444706, 14.697669 ], [ -17.4452419, 14.6974648 ], [ -17.4456966, 14.6974596 ], [ -17.4462162, 14.6975905 ], [ -17.4466276, 14.6977947 ], [ -17.4473166, 14.6983851 ], [ -17.4472463, 14.6984489 ], [ -17.4470066, 14.7020199 ], [ -17.4470351, 14.7024329 ], [ -17.4465109, 14.7100325 ], [ -17.4461976, 14.7147697 ], [ -17.4461278, 14.7158234 ], [ -17.4460561, 14.7171494 ], [ -17.4460428, 14.7175499 ], [ -17.4460376, 14.7178294 ], [ -17.4461873, 14.7186866 ], [ -17.4463186, 14.7191609 ], [ -17.4466653, 14.7198692 ], [ -17.4469133, 14.720206 ], [ -17.4472828, 14.7207066 ], [ -17.4477506, 14.7211967 ], [ -17.4470099, 14.7220192 ], [ -17.4458439, 14.7239323 ], [ -17.4441939, 14.7267927 ], [ -17.4421339, 14.7265187 ] ] ] } },
{ "type": "Feature", "properties": { "osm_id": 12988835, "commune": "Hann Bel-Air", "departement": "Dakar", "zone_prioritaire": null, "prioritaire": false, "surface_km2": 12.575, "pct_mer_retire": 5.0, "wikidata": null }, "geometry": { "type": "Polygon", "coordinates": [ [ [ -17.4243981, 14.7447671 ], [ -17.424171, 14.7441381 ], [ -17.4233897, 14.7437708 ], [ -17.4223597, 14.7405087 ], [ -17.4158966, 14.7423514 ], [ -17.4128097, 14.7336688 ], [ -17.4129854, 14.7336364 ], [ -17.4131619, 14.7336127 ], [ -17.4132167, 14.7336157 ], [ -17.4132732, 14.7336187 ], [ -17.4134843, 14.7336286 ], [ -17.4135701, 14.7336156 ], [ -17.413668, 14.7335897 ], [ -17.4145854, 14.733211 ], [ -17.415567, 14.732783 ], [ -17.417112, 14.7320515 ], [ -17.4183887, 14.7314133 ], [ -17.4192758, 14.7308797 ], [ -17.4199624, 14.7304315 ], [ -17.4204889, 14.7300592 ], [ -17.4213284, 14.7294756 ], [ -17.4223611, 14.7288322 ], [ -17.4232703, 14.7281266 ], [ -17.4241823, 14.727364 ], [ -17.4248341, 14.7267673 ], [ -17.4253571, 14.7262874 ], [ -17.4257646, 14.7257995 ], [ -17.4264461, 14.7248762 ], [ -17.4269074, 14.7242614 ], [ -17.4278368, 14.7231836 ], [ -17.4281131, 14.722893 ], [ -17.4286884, 14.7222315 ], [ -17.4290653, 14.7216816 ], [ -17.4295467, 14.7207697 ], [ -17.4298632, 14.7199059 ], [ -17.4299598, 14.7195868 ], [ -17.4302468, 14.7185569 ], [ -17.4304453, 14.7178564 ], [ -17.4305458, 14.7172463 ], [ -17.4305713, 14.7170912 ], [ -17.4307376, 14.7160846 ], [ -17.4308356, 14.7148925 ], [ -17.4308329, 14.7147617 ], [ -17.4308422, 14.7145748 ], [ -17.4308583, 14.7142453 ], [ -17.4308288, 14.7135345 ], [ -17.430519, 14.7122592 ], [ -17.4305104, 14.7122316 ], [ -17.4301582, 14.7110777 ], [ -17.4295574, 14.7097961 ], [ -17.429249, 14.7092902 ], [ -17.4288976, 14.7088025 ], [ -17.4286053, 14.7084678 ], [ -17.4282646, 14.7081124 ], [ -17.4279884, 14.7078478 ], [ -17.427581, 14.7080717 ], [ -17.4273181, 14.7080841 ], [ -17.4271837, 14.7079593 ], [ -17.4271515, 14.7078789 ], [ -17.427173, 14.7078166 ], [ -17.4272918, 14.7077304 ], [ -17.4274918, 14.7075674 ], [ -17.4277604, 14.7073237 ], [ -17.4278596, 14.707194 ], [ -17.4279454, 14.707124 ], [ -17.4282512, 14.7069787 ], [ -17.428278, 14.7069501 ], [ -17.4282753, 14.7069086 ], [ -17.4281734, 14.7067711 ], [ -17.4279991, 14.7064728 ], [ -17.4279052, 14.7063249 ], [ -17.4276987, 14.706081 ], [ -17.4274626, 14.7058009 ], [ -17.4273714, 14.7057619 ], [ -17.4273071, 14.7057697 ], [ -17.4272132, 14.705819 ], [ -17.4271569, 14.7058398 ], [ -17.4270952, 14.705806 ], [ -17.427071, 14.7057723 ], [ -17.4270737, 14.7057126 ], [ -17.4271193, 14.7055985 ], [ -17.4270952, 14.7055388 ], [ -17.4270496, 14.7054921 ], [ -17.4269959, 14.7054506 ], [ -17.4269423, 14.7054376 ], [ -17.4267626, 14.7054636 ], [ -17.4265681, 14.7054792 ], [ -17.4265252, 14.705461 ], [ -17.4265071, 14.7054357 ], [ -17.4265091, 14.7053987 ], [ -17.4265359, 14.7053585 ], [ -17.4265386, 14.7053248 ], [ -17.4265172, 14.7052898 ], [ -17.4264957, 14.7052729 ], [ -17.4264388, 14.7053218 ], [ -17.4263777, 14.7053752 ], [ -17.4263333, 14.705414 ], [ -17.4263071, 14.7054369 ], [ -17.4262637, 14.7054104 ], [ -17.4261376, 14.7053365 ], [ -17.4259928, 14.7052768 ], [ -17.425628, 14.7050718 ], [ -17.4254899, 14.7052615 ], [ -17.4254764, 14.7053085 ], [ -17.4253625, 14.7057049 ], [ -17.4252874, 14.7059539 ], [ -17.4250608, 14.7064238 ], [ -17.424647, 14.706584 ], [ -17.4242869, 14.7066985 ], [ -17.4241843, 14.7066958 ], [ -17.4241164, 14.706656 ], [ -17.4232462, 14.705627 ], [ -17.4231067, 14.7054558 ], [ -17.4230343, 14.7054013 ], [ -17.4229297, 14.705352 ], [ -17.4217093, 14.7053417 ], [ -17.4212909, 14.7053391 ], [ -17.4209028, 14.7053746 ], [ -17.4204068, 14.7055294 ], [ -17.4200356, 14.7056452 ], [ -17.4190164, 14.7059747 ], [ -17.4190298, 14.7060266 ], [ -17.4190727, 14.7060888 ], [ -17.4191532, 14.7061459 ], [ -17.4192926, 14.7062808 ], [ -17.4193359, 14.7063574 ], [ -17.4193555, 14.706401 ], [ -17.4193445, 14.7064404 ], [ -17.4190968, 14.7064598 ], [ -17.4190003, 14.7063898 ], [ -17.4189439, 14.7063171 ], [ -17.4188466, 14.7062328 ], [ -17.4185269, 14.7062367 ], [ -17.4185242, 14.7063521 ], [ -17.4183726, 14.7063509 ], [ -17.4183767, 14.7062354 ], [ -17.4178885, 14.7062341 ], [ -17.4178764, 14.7063288 ], [ -17.4178027, 14.7063379 ], [ -17.4177651, 14.7065882 ], [ -17.4177276, 14.7065934 ], [ -17.4177544, 14.7063223 ], [ -17.4177747, 14.7062307 ], [ -17.4179046, 14.7056452 ], [ -17.4179234, 14.7054376 ], [ -17.4179026, 14.7052308 ], [ -17.4178952, 14.7050874 ], [ -17.4178818, 14.7049486 ], [ -17.4178925, 14.7048383 ], [ -17.4179797, 14.7045724 ], [ -17.4180159, 14.7042832 ], [ -17.4179649, 14.7039848 ], [ -17.4179488, 14.7037695 ], [ -17.4178596, 14.7035347 ], [ -17.4177235, 14.7033803 ], [ -17.4176431, 14.703235 ], [ -17.417509, 14.7030301 ], [ -17.4174178, 14.7028874 ], [ -17.4173534, 14.7026746 ], [ -17.4173641, 14.7025423 ], [ -17.4173963, 14.702397 ], [ -17.4173875, 14.7022894 ], [ -17.4172502, 14.7020237 ], [ -17.4170476, 14.7017614 ], [ -17.4170181, 14.701668 ], [ -17.4170288, 14.7016265 ], [ -17.4171129, 14.7013845 ], [ -17.4171844, 14.70131 ], [ -17.4173189, 14.7012599 ], [ -17.417686, 14.7012866 ], [ -17.4179282, 14.7012931 ], [ -17.4181286, 14.701297 ], [ -17.4184585, 14.7012802 ], [ -17.4185993, 14.701297 ], [ -17.4189869, 14.7011362 ], [ -17.4192953, 14.7010168 ], [ -17.4197432, 14.7008041 ], [ -17.4202663, 14.7005732 ], [ -17.4208054, 14.7003008 ], [ -17.421248, 14.7000102 ], [ -17.4216533, 14.6997324 ], [ -17.4218568, 14.6995432 ], [ -17.4221438, 14.6992241 ], [ -17.4223503, 14.6989024 ], [ -17.4226213, 14.6985989 ], [ -17.4229941, 14.6982174 ], [ -17.4235198, 14.6975559 ], [ -17.4236592, 14.6970733 ], [ -17.4238577, 14.6966608 ], [ -17.4239382, 14.6963624 ], [ -17.4239731, 14.6961522 ], [ -17.4217495, 14.6941934 ], [ -17.4214867, 14.6939418 ], [ -17.4214116, 14.6939496 ], [ -17.421315, 14.6938224 ], [ -17.4213499, 14.6937161 ], [ -17.4213472, 14.6935967 ], [ -17.4215034, 14.6935995 ], [ -17.4227265, 14.6922759 ], [ -17.4227983, 14.6921697 ], [ -17.4228519, 14.6921412 ], [ -17.4228272, 14.6920833 ], [ -17.4227688, 14.6919452 ], [ -17.4226779, 14.6917129 ], [ -17.4225658, 14.6914207 ], [ -17.4220501, 14.6910118 ], [ -17.4215266, 14.6906705 ], [ -17.4203491, 14.6896948 ], [ -17.4202377, 14.689597 ], [ -17.4201698, 14.6895092 ], [ -17.420196, 14.6893768 ], [ -17.4201997, 14.6892461 ], [ -17.4200214, 14.6890722 ], [ -17.4197572, 14.6888003 ], [ -17.4193502, 14.6884863 ], [ -17.4185904, 14.6879934 ], [ -17.417898, 14.6874092 ], [ -17.4172804, 14.6869171 ], [ -17.4171387, 14.68663 ], [ -17.4172858, 14.6856777 ], [ -17.4173693, 14.6849694 ], [ -17.4175378, 14.6846807 ], [ -17.4177048, 14.6846965 ], [ -17.4179635, 14.6848648 ], [ -17.4184242, 14.6852196 ], [ -17.4190722, 14.6854822 ], [ -17.4194618, 14.6859134 ], [ -17.4197186, 14.6859824 ], [ -17.4199214, 14.6860247 ], [ -17.4200118, 14.6859779 ], [ -17.4200594, 14.6858942 ], [ -17.4200591, 14.6857589 ], [ -17.4198881, 14.6856217 ], [ -17.4198649, 14.6855933 ], [ -17.4198532, 14.6855536 ], [ -17.4198938, 14.6828535 ], [ -17.4203542, 14.6796785 ], [ -17.4203662, 14.6796366 ], [ -17.4203845, 14.6795907 ], [ -17.4205191, 14.6787882 ], [ -17.4205328, 14.6787729 ], [ -17.4205694, 14.6787664 ], [ -17.4205891, 14.6787758 ], [ -17.4205955, 14.6787937 ], [ -17.420573, 14.6789798 ], [ -17.4205972, 14.6789821 ], [ -17.4205925, 14.6790301 ], [ -17.4205382, 14.6790304 ], [ -17.4204849, 14.6793885 ], [ -17.4205546, 14.6793953 ], [ -17.4205504, 14.6794548 ], [ -17.4204767, 14.679455 ], [ -17.4204513, 14.6796544 ], [ -17.4206659, 14.6796775 ], [ -17.4205439, 14.6805499 ], [ -17.4203809, 14.6805318 ], [ -17.4202616, 14.68141 ], [ -17.4204259, 14.6814256 ], [ -17.4202954, 14.6823785 ], [ -17.4201295, 14.6823629 ], [ -17.4200799, 14.6826834 ], [ -17.4200857, 14.6829344 ], [ -17.4200877, 14.6829466 ], [ -17.4200913, 14.6829556 ], [ -17.4202813, 14.6834469 ], [ -17.4202854, 14.683453 ], [ -17.4202902, 14.6834583 ], [ -17.4211647, 14.6842167 ], [ -17.4211675, 14.6842174 ], [ -17.4211708, 14.6842179 ], [ -17.4211926, 14.6842181 ], [ -17.4211958, 14.6842182 ], [ -17.4211988, 14.68422 ], [ -17.4212894, 14.6843016 ], [ -17.4212961, 14.6843047 ], [ -17.4213027, 14.684304 ], [ -17.4213883, 14.6842832 ], [ -17.4213922, 14.6842813 ], [ -17.4213937, 14.6842785 ], [ -17.4216769, 14.6821742 ], [ -17.4216788, 14.6821704 ], [ -17.4216839, 14.6821681 ], [ -17.4219747, 14.6822041 ], [ -17.4219781, 14.682205 ], [ -17.4219794, 14.6822082 ], [ -17.4216535, 14.6846227 ], [ -17.4216546, 14.68463 ], [ -17.4218375, 14.6847918 ], [ -17.4218389, 14.6847947 ], [ -17.4218385, 14.6848046 ], [ -17.4218384, 14.6848127 ], [ -17.4218419, 14.6848184 ], [ -17.422856, 14.6857155 ], [ -17.4228584, 14.6857155 ], [ -17.4228726, 14.685705 ], [ -17.4229646, 14.6857873 ], [ -17.4230113, 14.685811 ], [ -17.4230583, 14.6858197 ], [ -17.4230933, 14.6858077 ], [ -17.4231222, 14.6857787 ], [ -17.4231279, 14.6857771 ], [ -17.4231341, 14.6857802 ], [ -17.4232154, 14.6858463 ], [ -17.4232191, 14.6858462 ], [ -17.4232221, 14.6858439 ], [ -17.4241959, 14.6830553 ], [ -17.4241985, 14.6830529 ], [ -17.4242026, 14.6830526 ], [ -17.4250279, 14.6833417 ], [ -17.4254828, 14.6834878 ], [ -17.4256288, 14.6835489 ], [ -17.4256326, 14.6835511 ], [ -17.4256351, 14.6835564 ], [ -17.4274746, 14.6870053 ], [ -17.4286495, 14.6892063 ], [ -17.4286519, 14.6892156 ], [ -17.4286514, 14.6892258 ], [ -17.4280196, 14.6910037 ], [ -17.4280204, 14.6910076 ], [ -17.4280225, 14.6910117 ], [ -17.4286903, 14.6915988 ], [ -17.4286938, 14.6915996 ], [ -17.4286966, 14.6915982 ], [ -17.4288421, 14.6914342 ], [ -17.4288453, 14.6914285 ], [ -17.4288483, 14.6914201 ], [ -17.4293207, 14.6900635 ], [ -17.4293248, 14.690062 ], [ -17.4293308, 14.6900622 ], [ -17.4296047, 14.6901424 ], [ -17.4296129, 14.690154 ], [ -17.4296168, 14.6901679 ], [ -17.4290168, 14.6918693 ], [ -17.4290172, 14.6918729 ], [ -17.4290195, 14.691877 ], [ -17.4296143, 14.6923953 ], [ -17.4296232, 14.6924003 ], [ -17.4296319, 14.6923945 ], [ -17.4298109, 14.6921885 ], [ -17.4312006, 14.6882659 ], [ -17.4312083, 14.6882582 ], [ -17.4312187, 14.6882591 ], [ -17.4322804, 14.6886136 ], [ -17.4322863, 14.6886181 ], [ -17.4322889, 14.6886251 ], [ -17.4318112, 14.6909264 ], [ -17.4317822, 14.6910701 ], [ -17.4315808, 14.6916369 ], [ -17.4316147, 14.6916936 ], [ -17.4316388, 14.6917125 ], [ -17.4316771, 14.6917163 ], [ -17.4317491, 14.6917124 ], [ -17.4317582, 14.6917034 ], [ -17.4319617, 14.691312 ], [ -17.4320837, 14.6910593 ], [ -17.4320837, 14.6910554 ], [ -17.4320819, 14.6910525 ], [ -17.4320488, 14.6910407 ], [ -17.4320459, 14.691038 ], [ -17.4320446, 14.6910346 ], [ -17.432055, 14.6909967 ], [ -17.4320566, 14.6909937 ], [ -17.4320598, 14.6909934 ], [ -17.4320781, 14.6909952 ], [ -17.43218, 14.6910189 ], [ -17.4324909, 14.6910877 ], [ -17.4324988, 14.6910898 ], [ -17.4325017, 14.6910984 ], [ -17.4324665, 14.6912696 ], [ -17.4324754, 14.6912834 ], [ -17.4324956, 14.6912934 ], [ -17.4325283, 14.6912934 ], [ -17.4325481, 14.69129 ], [ -17.4326262, 14.6911154 ], [ -17.4331032, 14.6897113 ], [ -17.4331065, 14.6897087 ], [ -17.4331099, 14.6897083 ], [ -17.4331496, 14.6897234 ], [ -17.4331524, 14.6897257 ], [ -17.4331531, 14.6897299 ], [ -17.4331375, 14.6897727 ], [ -17.433137, 14.6897799 ], [ -17.4331389, 14.6897885 ], [ -17.4333536, 14.6900487 ], [ -17.433366, 14.690057 ], [ -17.4333789, 14.690058 ], [ -17.4334168, 14.6900244 ], [ -17.4334426, 14.6900043 ], [ -17.4334634, 14.6899816 ], [ -17.4334668, 14.689967 ], [ -17.4333614, 14.6897152 ], [ -17.4331692, 14.6893887 ], [ -17.4331566, 14.6893586 ], [ -17.4331512, 14.6893196 ], [ -17.4331542, 14.6892612 ], [ -17.4331897, 14.6891755 ], [ -17.4331895, 14.6891682 ], [ -17.4331865, 14.6891641 ], [ -17.4331638, 14.6891574 ], [ -17.433162, 14.6891556 ], [ -17.4331617, 14.6891522 ], [ -17.4335093, 14.6881083 ], [ -17.4336347, 14.6877206 ], [ -17.4336404, 14.6877144 ], [ -17.433649, 14.6877164 ], [ -17.4337495, 14.6877857 ], [ -17.433751, 14.6877878 ], [ -17.4337527, 14.6877941 ], [ -17.4337565, 14.6878004 ], [ -17.4343346, 14.6881983 ], [ -17.434349, 14.6881998 ], [ -17.4343584, 14.688196 ], [ -17.4343961, 14.6881621 ], [ -17.4344636, 14.6880969 ], [ -17.4345016, 14.6880301 ], [ -17.4345267, 14.6879703 ], [ -17.4345474, 14.6878788 ], [ -17.4345611, 14.6877824 ], [ -17.4345542, 14.6877596 ], [ -17.434539, 14.6877399 ], [ -17.4342265, 14.6876228 ], [ -17.433747, 14.6874753 ], [ -17.4337422, 14.6874713 ], [ -17.4337402, 14.6874665 ], [ -17.4344184, 14.6853915 ], [ -17.4344183, 14.6853779 ], [ -17.4344161, 14.6853625 ], [ -17.434115754597912, 14.683910713531281 ], [ -17.4346348, 14.6838404 ], [ -17.4367171, 14.6846105 ], [ -17.4370998, 14.6834257 ], [ -17.4376126, 14.6847068 ], [ -17.4382189, 14.6836595 ], [ -17.4396625, 14.6824601 ], [ -17.4402633, 14.6833232 ], [ -17.4409006, 14.6842919 ], [ -17.4417017, 14.6872332 ], [ -17.4421569, 14.6892938 ], [ -17.4425939, 14.6908437 ], [ -17.4426485, 14.6922527 ], [ -17.4421446, 14.6998241 ], [ -17.4405117, 14.7255475 ], [ -17.4395847, 14.7376751 ], [ -17.4394303, 14.73897 ], [ -17.4390183, 14.739742 ], [ -17.4391728, 14.7407381 ], [ -17.440115, 14.7420219 ], [ -17.4389227, 14.7419346 ], [ -17.4382178, 14.7419273 ], [ -17.4365593, 14.7423271 ], [ -17.4332697, 14.7428847 ], [ -17.4254689, 14.7448961 ], [ -17.4245815, 14.7452296 ], [ -17.4243981, 14.7447671 ] ] ] } },
{ "type": "Feature", "properties": { "osm_id": 12988611, "commune": "Mermoz-Sacré-Cœur", "departement": "Dakar", "zone_prioritaire": null, "prioritaire": false, "surface_km2": 4.098, "pct_mer_retire": 24.8, "wikidata": "Q3306583" }, "geometry": { "type": "Polygon", "coordinates": [ [ [ -17.4892065, 14.7145181 ], [ -17.486568, 14.7094832 ], [ -17.4814495, 14.7091599 ], [ -17.4815253, 14.7124331 ], [ -17.4829062, 14.7155681 ], [ -17.4816188, 14.7164398 ], [ -17.4808205, 14.7155183 ], [ -17.4787348, 14.7170873 ], [ -17.4775246, 14.7172865 ], [ -17.4760955, 14.7174962 ], [ -17.4758027, 14.7151245 ], [ -17.47578, 14.7150132 ], [ -17.4756753, 14.7149587 ], [ -17.4755386, 14.7149457 ], [ -17.4752945, 14.715104 ], [ -17.4752918, 14.7153271 ], [ -17.4751707, 14.7153455 ], [ -17.4751783, 14.7156543 ], [ -17.4751252, 14.7160797 ], [ -17.4748435, 14.7179708 ], [ -17.4734893, 14.7182196 ], [ -17.473298, 14.7184046 ], [ -17.4725023, 14.7176774 ], [ -17.4720358, 14.7169768 ], [ -17.4717053, 14.7168632 ], [ -17.4717303, 14.7152046 ], [ -17.4695931, 14.7163502 ], [ -17.4664047, 14.7180437 ], [ -17.4663145, 14.7178694 ], [ -17.4662759, 14.7175083 ], [ -17.4662888, 14.7171347 ], [ -17.4664304, 14.7164498 ], [ -17.4662759, 14.7154287 ], [ -17.4659798, 14.7143454 ], [ -17.4654262, 14.713399 ], [ -17.4635594, 14.7113693 ], [ -17.4610778, 14.708418 ], [ -17.4600565, 14.7072002 ], [ -17.4670516, 14.6994497 ], [ -17.4670516, 14.6972579 ], [ -17.4705234, 14.7003928 ], [ -17.4719911, 14.6985746 ], [ -17.474010523671279, 14.697655354875637 ], [ -17.4741401, 14.6977556 ], [ -17.4744576, 14.6979373 ], [ -17.4747634, 14.6981656 ], [ -17.4749404, 14.6982745 ], [ -17.4751309, 14.6984224 ], [ -17.4752542, 14.6985547 ], [ -17.4753857, 14.6986922 ], [ -17.4757263, 14.698962 ], [ -17.4759061, 14.6990866 ], [ -17.4760777, 14.699193 ], [ -17.4761957, 14.6992553 ], [ -17.4762896, 14.6992916 ], [ -17.4764317, 14.6992033 ], [ -17.4766114, 14.6991255 ], [ -17.4768314, 14.6991203 ], [ -17.4770594, 14.6991177 ], [ -17.4772069, 14.6991488 ], [ -17.4773249, 14.6992319 ], [ -17.4775153, 14.6994161 ], [ -17.4776468, 14.6995847 ], [ -17.4777594, 14.6996859 ], [ -17.4782342, 14.6999116 ], [ -17.4784246, 14.7001114 ], [ -17.4784997, 14.7003189 ], [ -17.4784943, 14.7006614 ], [ -17.4785239, 14.7010739 ], [ -17.4786848, 14.7013723 ], [ -17.4788886, 14.7015098 ], [ -17.4791274, 14.7015902 ], [ -17.4792507, 14.7016135 ], [ -17.4794251, 14.701655 ], [ -17.4795646, 14.7017017 ], [ -17.4796316, 14.7017796 ], [ -17.4797362, 14.7019612 ], [ -17.4799025, 14.7021739 ], [ -17.480152, 14.7023114 ], [ -17.4803907, 14.7024334 ], [ -17.4805757, 14.7026513 ], [ -17.4807501, 14.7029315 ], [ -17.4809324, 14.7027795 ], [ -17.4811386, 14.7024578 ], [ -17.4811886, 14.7026304 ], [ -17.4810885, 14.702898 ], [ -17.4811015, 14.7032197 ], [ -17.4815544, 14.7035014 ], [ -17.4819062, 14.7036209 ], [ -17.4824216, 14.7037593 ], [ -17.4829957, 14.703637 ], [ -17.4831713, 14.7034966 ], [ -17.4832271, 14.7035471 ], [ -17.4829186, 14.7040576 ], [ -17.4831641, 14.7040704 ], [ -17.4832472, 14.7040574 ], [ -17.483376, 14.7039978 ], [ -17.4834618, 14.7039303 ], [ -17.4836066, 14.7037798 ], [ -17.4836844, 14.7037928 ], [ -17.4837193, 14.7038551 ], [ -17.4835584, 14.704086 ], [ -17.4835798, 14.7041924 ], [ -17.4836952, 14.7043273 ], [ -17.483891, 14.7045141 ], [ -17.4840358, 14.7045945 ], [ -17.4842906, 14.7045711 ], [ -17.4844033, 14.704623 ], [ -17.4844971, 14.7047398 ], [ -17.4846366, 14.7050744 ], [ -17.4846567, 14.7051069 ], [ -17.4847037, 14.7051056 ], [ -17.4847848, 14.7050777 ], [ -17.4847995, 14.7050874 ], [ -17.4848036, 14.705103 ], [ -17.4847969, 14.7051179 ], [ -17.48476, 14.7051886 ], [ -17.4847412, 14.7053079 ], [ -17.4848351, 14.7056659 ], [ -17.4848876, 14.7057968 ], [ -17.4849967, 14.7060691 ], [ -17.4853259, 14.7064598 ], [ -17.4856527, 14.7066404 ], [ -17.485739, 14.7066881 ], [ -17.4860877, 14.7068516 ], [ -17.4862888, 14.7069086 ], [ -17.4864283, 14.7069117 ], [ -17.4865249, 14.7069138 ], [ -17.4868253, 14.7067971 ], [ -17.4869996, 14.7067556 ], [ -17.487174, 14.7067789 ], [ -17.4873698, 14.7068749 ], [ -17.4875763, 14.7069709 ], [ -17.4877346, 14.7070825 ], [ -17.4878874, 14.7072563 ], [ -17.4879384, 14.7074975 ], [ -17.4880645, 14.7078685 ], [ -17.4883849, 14.7084631 ], [ -17.4885151, 14.7089192 ], [ -17.4886304, 14.7094303 ], [ -17.4886814, 14.7099855 ], [ -17.4887002, 14.710481 ], [ -17.4887458, 14.7108079 ], [ -17.4890354, 14.7116017 ], [ -17.4892151, 14.7120895 ], [ -17.4894109, 14.7125045 ], [ -17.4895263, 14.7128236 ], [ -17.4897328, 14.7131842 ], [ -17.489829077500143, 14.713390925977881 ], [ -17.4892065, 14.7145181 ] ] ] } },
{ "type": "Feature", "properties": { "osm_id": 12989255, "commune": "Médina", "departement": "Dakar", "zone_prioritaire": "Médina", "prioritaire": true, "surface_km2": 2.341, "pct_mer_retire": 0.0, "wikidata": null }, "geometry": { "type": "Polygon", "coordinates": [ [ [ -17.4462999, 14.6898543 ], [ -17.4449602, 14.6884769 ], [ -17.4437583, 14.687729 ], [ -17.4425927, 14.6888954 ], [ -17.4423111, 14.6891646 ], [ -17.4421569, 14.6892938 ], [ -17.4417017, 14.6872332 ], [ -17.4409006, 14.6842919 ], [ -17.4402633, 14.6833232 ], [ -17.4396625, 14.6824601 ], [ -17.4431135, 14.6796277 ], [ -17.4491314, 14.674313 ], [ -17.4500175, 14.6735305 ], [ -17.450189, 14.6729125 ], [ -17.4504089, 14.6728139 ], [ -17.4505332, 14.6727773 ], [ -17.4506472, 14.6727678 ], [ -17.4507328, 14.6727965 ], [ -17.4508137, 14.6728452 ], [ -17.4508767, 14.6729174 ], [ -17.4509348, 14.6730457 ], [ -17.4510144, 14.67316 ], [ -17.4510822, 14.6732731 ], [ -17.4511734, 14.6733717 ], [ -17.451337, 14.6735326 ], [ -17.4516508, 14.6738076 ], [ -17.4518064, 14.673901 ], [ -17.4519432, 14.6739815 ], [ -17.4521309, 14.6740489 ], [ -17.4524152, 14.6741372 ], [ -17.4526593, 14.6741917 ], [ -17.4527451, 14.674202 ], [ -17.4528739, 14.6741891 ], [ -17.4530965, 14.6740905 ], [ -17.4533004, 14.6740074 ], [ -17.4536383, 14.6738881 ], [ -17.4537885, 14.6738076 ], [ -17.4539495, 14.6737064 ], [ -17.4542686, 14.6735274 ], [ -17.4543518, 14.6735041 ], [ -17.4544752, 14.6734781 ], [ -17.4545825, 14.6734859 ], [ -17.4546978, 14.6734859 ], [ -17.4548158, 14.6734729 ], [ -17.4551647, 14.6734066 ], [ -17.455247, 14.6733953 ], [ -17.4553407, 14.6733887 ], [ -17.4559101, 14.6734055 ], [ -17.455996, 14.6734158 ], [ -17.4560791, 14.6734158 ], [ -17.4563044, 14.6734003 ], [ -17.4563956, 14.6733977 ], [ -17.4564426, 14.6734106 ], [ -17.4568838, 14.6735689 ], [ -17.4570662, 14.6736286 ], [ -17.4572298, 14.673652 ], [ -17.4575651, 14.6736987 ], [ -17.4577904, 14.6737013 ], [ -17.4579003, 14.6737428 ], [ -17.4579808, 14.6737921 ], [ -17.4579942, 14.6738206 ], [ -17.4580076, 14.6738595 ], [ -17.4580398, 14.6739581 ], [ -17.4580908, 14.6740074 ], [ -17.4581605, 14.6740464 ], [ -17.458292, 14.6740879 ], [ -17.458351, 14.674132 ], [ -17.4583885, 14.6741839 ], [ -17.4584287, 14.6742539 ], [ -17.4584582, 14.6743162 ], [ -17.4585548, 14.6744096 ], [ -17.4585977, 14.6744433 ], [ -17.4586111, 14.6744849 ], [ -17.4586004, 14.6745368 ], [ -17.4585629, 14.6745809 ], [ -17.4585119, 14.6746379 ], [ -17.4584314, 14.6747262 ], [ -17.4583939, 14.674791 ], [ -17.4583839, 14.6751136 ], [ -17.4584859, 14.6755008 ], [ -17.4585629, 14.6757355 ], [ -17.4585789, 14.6759638 ], [ -17.4585199, 14.6763764 ], [ -17.458469, 14.6766981 ], [ -17.4584026, 14.6771208 ], [ -17.4584136, 14.6771988 ], [ -17.4584491, 14.677293 ], [ -17.4585407, 14.6774568 ], [ -17.4577689, 14.6781118 ], [ -17.457388, 14.6783842 ], [ -17.4567523, 14.6788189 ], [ -17.4561354, 14.6792599 ], [ -17.45554, 14.6804691 ], [ -17.4549016, 14.6817508 ], [ -17.4546709, 14.6822438 ], [ -17.4544993, 14.682607 ], [ -17.4543544, 14.682934 ], [ -17.454113, 14.6834633 ], [ -17.4539467, 14.6838576 ], [ -17.4537804, 14.6842416 ], [ -17.4538555, 14.6845374 ], [ -17.4537429, 14.6847346 ], [ -17.4534747, 14.6847761 ], [ -17.4528965, 14.6858064 ], [ -17.4527612, 14.6860475 ], [ -17.4523763, 14.6867863 ], [ -17.4521617, 14.6871858 ], [ -17.4519633, 14.6875906 ], [ -17.4517755, 14.6879279 ], [ -17.4515931, 14.6883197 ], [ -17.4513946, 14.6886206 ], [ -17.4511425, 14.6891344 ], [ -17.4509547, 14.6894768 ], [ -17.4506597, 14.6900165 ], [ -17.4505095, 14.6902656 ], [ -17.4503378, 14.6905769 ], [ -17.4501876, 14.6908986 ], [ -17.4500213, 14.6912048 ], [ -17.4498282, 14.6915628 ], [ -17.4496941, 14.6917911 ], [ -17.4495224, 14.6921336 ], [ -17.4493186, 14.6925436 ], [ -17.4490987, 14.6929327 ], [ -17.4487982, 14.6934983 ], [ -17.4486588, 14.6937111 ], [ -17.4478729, 14.6927628 ], [ -17.4476368, 14.6924553 ], [ -17.4475027, 14.6921077 ], [ -17.4472265, 14.6911568 ], [ -17.4469529, 14.6903421 ], [ -17.4469045, 14.6902777 ], [ -17.4462999, 14.6898543 ] ] ] } },
{ "type": "Feature", "properties": { "osm_id": 12988609, "commune": "Ngor", "departement": "Dakar", "zone_prioritaire": null, "prioritaire": false, "surface_km2": 4.37, "pct_mer_retire": 66.8, "wikidata": "Q949353" }, "geometry": { "type": "MultiPolygon", "coordinates": [ [ [ [ -17.4980069, 14.754245 ], [ -17.4972086, 14.7522032 ], [ -17.4970799, 14.7514312 ], [ -17.5030817, 14.7484726 ], [ -17.5035537, 14.7482545 ], [ -17.5063239, 14.7468744 ], [ -17.5062275, 14.745721 ], [ -17.5062145, 14.7455647 ], [ -17.5057059, 14.7394787 ], [ -17.5055514, 14.7351706 ], [ -17.5052166, 14.7333278 ], [ -17.5066329, 14.7303146 ], [ -17.507436502469098, 14.729475826305015 ], [ -17.5074381, 14.7294782 ], [ -17.5079262, 14.7300333 ], [ -17.5081971, 14.7303783 ], [ -17.5084412, 14.7307882 ], [ -17.5086316, 14.7310527 ], [ -17.5088918, 14.7312084 ], [ -17.5091735, 14.7313044 ], [ -17.5094149, 14.7313666 ], [ -17.5095704, 14.7314419 ], [ -17.5096589, 14.7315534 ], [ -17.5097367, 14.7317168 ], [ -17.5099432, 14.7320463 ], [ -17.5101015, 14.7322253 ], [ -17.5101981, 14.7323783 ], [ -17.5102732, 14.7325651 ], [ -17.5104153, 14.7328738 ], [ -17.5105172, 14.7331124 ], [ -17.5106648, 14.7333044 ], [ -17.510764, 14.7333978 ], [ -17.5109839, 14.7335145 ], [ -17.5111476, 14.7335975 ], [ -17.5112656, 14.7336779 ], [ -17.5113404, 14.733822 ], [ -17.5114778, 14.7341042 ], [ -17.5121816, 14.7344611 ], [ -17.5124219, 14.7344694 ], [ -17.5125163, 14.7346603 ], [ -17.5126451, 14.7348596 ], [ -17.5126978, 14.7349624 ], [ -17.5127568, 14.735036 ], [ -17.5128268, 14.7350885 ], [ -17.5129286, 14.7351112 ], [ -17.51302, 14.7351179 ], [ -17.5130627, 14.7350982 ], [ -17.5131223, 14.7350777 ], [ -17.5131919, 14.7350764 ], [ -17.5132716, 14.7351003 ], [ -17.51334, 14.7351689 ], [ -17.5133955, 14.7352243 ], [ -17.5134344, 14.7352836 ], [ -17.5134425, 14.7353749 ], [ -17.5134538, 14.7355065 ], [ -17.5134839, 14.7356105 ], [ -17.5135201, 14.7357204 ], [ -17.5135991, 14.7358984 ], [ -17.5136754, 14.7360674 ], [ -17.5137202, 14.7361933 ], [ -17.5138028, 14.7361806 ], [ -17.5139058, 14.7361745 ], [ -17.5138647, 14.7362131 ], [ -17.5137679, 14.7362642 ], [ -17.5137851, 14.7363221 ], [ -17.5138472, 14.7363887 ], [ -17.5139252, 14.7364637 ], [ -17.5140176, 14.736513 ], [ -17.514095, 14.7365561 ], [ -17.5141327, 14.7366253 ], [ -17.5141642, 14.7366868 ], [ -17.5142127, 14.7367196 ], [ -17.5143601, 14.736685 ], [ -17.514419, 14.7366738 ], [ -17.5144879, 14.7366977 ], [ -17.5146106, 14.7367521 ], [ -17.5147963, 14.7368599 ], [ -17.5148668, 14.7369597 ], [ -17.5148892, 14.7370192 ], [ -17.5148727, 14.73709 ], [ -17.5147639, 14.7373049 ], [ -17.5147843, 14.7373899 ], [ -17.5148509, 14.7374992 ], [ -17.5150912, 14.7378063 ], [ -17.5151425, 14.7378726 ], [ -17.515185, 14.7378634 ], [ -17.5152549, 14.7378132 ], [ -17.5153381, 14.7377949 ], [ -17.5154291, 14.7377782 ], [ -17.5156002, 14.7377883 ], [ -17.5156908, 14.7377847 ], [ -17.5157832, 14.7377738 ], [ -17.5158764, 14.7377351 ], [ -17.5160096, 14.7376984 ], [ -17.5160775, 14.7376946 ], [ -17.5161687, 14.737691 ], [ -17.5162757, 14.737715 ], [ -17.5163755, 14.7377558 ], [ -17.5165105, 14.7378543 ], [ -17.5165925, 14.7378982 ], [ -17.5166717, 14.7379383 ], [ -17.5167564, 14.7379427 ], [ -17.5168416, 14.7379202 ], [ -17.5169489, 14.7378881 ], [ -17.517039, 14.7378752 ], [ -17.5171895, 14.7378945 ], [ -17.5172328, 14.7378515 ], [ -17.51738, 14.7379305 ], [ -17.5174465, 14.7380113 ], [ -17.5174935, 14.7381066 ], [ -17.5175021, 14.7381893 ], [ -17.5174989, 14.7383302 ], [ -17.5174964, 14.7384481 ], [ -17.5174999, 14.7385556 ], [ -17.5175233, 14.7386644 ], [ -17.5175682, 14.7387782 ], [ -17.5176362, 14.7388791 ], [ -17.51777, 14.7389845 ], [ -17.5178565, 14.7392085 ], [ -17.5179383, 14.7392959 ], [ -17.5180781, 14.7394108 ], [ -17.5182012, 14.7394914 ], [ -17.5183483, 14.73957 ], [ -17.5185839, 14.7396939 ], [ -17.518714, 14.7397334 ], [ -17.5188368, 14.7397573 ], [ -17.5189816, 14.7397518 ], [ -17.5193738, 14.7397221 ], [ -17.5195245, 14.7397379 ], [ -17.5196775, 14.7398104 ], [ -17.5198088, 14.7399108 ], [ -17.5198579, 14.7399484 ], [ -17.5199305, 14.7399911 ], [ -17.5200574, 14.7400658 ], [ -17.5201768, 14.740136 ], [ -17.5203519, 14.7402179 ], [ -17.5205365, 14.7403694 ], [ -17.5206114, 14.7404299 ], [ -17.5207146, 14.7405131 ], [ -17.5208677, 14.7405933 ], [ -17.5210203, 14.74062 ], [ -17.5212193, 14.7406203 ], [ -17.5213059, 14.7406316 ], [ -17.5214253, 14.7406472 ], [ -17.5216547, 14.7407077 ], [ -17.5218864, 14.7407481 ], [ -17.5224245, 14.7407839 ], [ -17.5226833, 14.7407557 ], [ -17.5229282, 14.7406732 ], [ -17.5231438, 14.7406268 ], [ -17.5236159, 14.7405982 ], [ -17.5239678, 14.7406177 ], [ -17.5242057, 14.7406304 ], [ -17.5244696, 14.7406612 ], [ -17.5251362, 14.740868 ], [ -17.5252866, 14.7409025 ], [ -17.5254363, 14.7409004 ], [ -17.5255702, 14.7408869 ], [ -17.5257043, 14.7408519 ], [ -17.5258494, 14.7408366 ], [ -17.5260103, 14.7408444 ], [ -17.526142, 14.7408703 ], [ -17.5263426, 14.7409697 ], [ -17.5264783, 14.7409985 ], [ -17.5265993, 14.7409982 ], [ -17.5267079, 14.7409686 ], [ -17.5268785, 14.7408919 ], [ -17.5269917, 14.7408662 ], [ -17.5271006, 14.7408716 ], [ -17.5273361, 14.7409232 ], [ -17.527463, 14.7409437 ], [ -17.5275826, 14.7409466 ], [ -17.5277213, 14.7409336 ], [ -17.5278444, 14.7409292 ], [ -17.5280748, 14.7409538 ], [ -17.5282041, 14.7409598 ], [ -17.5283114, 14.740958 ], [ -17.5284401, 14.7409253 ], [ -17.5286815, 14.7408763 ], [ -17.5290565, 14.7408553 ], [ -17.5292716, 14.7408348 ], [ -17.5295653, 14.7408345 ], [ -17.5298397, 14.7408436 ], [ -17.53033, 14.7408929 ], [ -17.5305212, 14.7409248 ], [ -17.5306747, 14.7409803 ], [ -17.5308691, 14.7410524 ], [ -17.5310145, 14.7410859 ], [ -17.5311837, 14.7411051 ], [ -17.5313659, 14.7411001 ], [ -17.5314927, 14.7411043 ], [ -17.5316266, 14.7411691 ], [ -17.5313889, 14.7412485 ], [ -17.531217, 14.7412947 ], [ -17.5310499, 14.7413019 ], [ -17.5308992, 14.7412804 ], [ -17.5305658, 14.7411956 ], [ -17.5302766, 14.7411157 ], [ -17.530095, 14.7410944 ], [ -17.529962, 14.7410887 ], [ -17.5298831, 14.74112 ], [ -17.5297863, 14.7412016 ], [ -17.5296694, 14.7413549 ], [ -17.5295955, 14.7414277 ], [ -17.5294822, 14.741503 ], [ -17.5293721, 14.7415504 ], [ -17.5292974, 14.7416119 ], [ -17.5292257, 14.7416884 ], [ -17.5291396, 14.7418013 ], [ -17.5290949, 14.7419074 ], [ -17.5290621, 14.742034 ], [ -17.5290707, 14.7421626 ], [ -17.5290557, 14.7422801 ], [ -17.5290348, 14.7423859 ], [ -17.5289986, 14.7424874 ], [ -17.5289165, 14.742698 ], [ -17.5288878, 14.7428308 ], [ -17.5288899, 14.7429405 ], [ -17.5289275, 14.7430866 ], [ -17.5289419, 14.7431768 ], [ -17.5289483, 14.7432764 ], [ -17.5289125, 14.7434162 ], [ -17.5289044, 14.7435028 ], [ -17.5289208, 14.7435887 ], [ -17.5289489, 14.7436619 ], [ -17.5290307, 14.7437667 ], [ -17.5297197, 14.7437767 ], [ -17.5298041, 14.7437548 ], [ -17.5301278, 14.743552 ], [ -17.5300781, 14.7433838 ], [ -17.5301801, 14.7433465 ], [ -17.5302457, 14.7435137 ], [ -17.5302457, 14.7435814 ], [ -17.5301815, 14.7436718 ], [ -17.529876, 14.7438727 ], [ -17.529765, 14.7439035 ], [ -17.5289854, 14.7438873 ], [ -17.5288713, 14.7442748 ], [ -17.528957, 14.7442969 ], [ -17.5291874, 14.7443563 ], [ -17.5292522, 14.7444478 ], [ -17.5291422, 14.7445042 ], [ -17.5289146, 14.7444529 ], [ -17.5288658, 14.7444419 ], [ -17.5287893, 14.7447427 ], [ -17.528807, 14.7448452 ], [ -17.5286366, 14.7451118 ], [ -17.5286122, 14.7452614 ], [ -17.5285922, 14.7452698 ], [ -17.5287184, 14.7452863 ], [ -17.528796, 14.7456541 ], [ -17.5289701, 14.7456918 ], [ -17.5288756, 14.746165 ], [ -17.5286428, 14.7461296 ], [ -17.5286517, 14.7463229 ], [ -17.5285868, 14.7468378 ], [ -17.5285431, 14.7469745 ], [ -17.5284618, 14.7470669 ], [ -17.5283782, 14.7471618 ], [ -17.5283108, 14.7472832 ], [ -17.5283068, 14.7473864 ], [ -17.5282982, 14.7474741 ], [ -17.5282583, 14.7475447 ], [ -17.5281566, 14.7477296 ], [ -17.5280855, 14.7479005 ], [ -17.5281239, 14.7480357 ], [ -17.5281496, 14.7481285 ], [ -17.5281427, 14.7482595 ], [ -17.5281547, 14.7483516 ], [ -17.5282419, 14.7484509 ], [ -17.5283814, 14.7485049 ], [ -17.5284602, 14.7485926 ], [ -17.5284975, 14.7486878 ], [ -17.5284876, 14.7487772 ], [ -17.5285214, 14.7488717 ], [ -17.528508, 14.7489954 ], [ -17.5284358, 14.7490903 ], [ -17.5283084, 14.7492153 ], [ -17.5281824, 14.7493012 ], [ -17.5279571, 14.7495046 ], [ -17.5277004, 14.7497118 ], [ -17.5275013, 14.7498866 ], [ -17.5274211, 14.7500498 ], [ -17.5273847, 14.7502316 ], [ -17.5272283, 14.7504254 ], [ -17.5268657, 14.7506897 ], [ -17.5266752, 14.7507685 ], [ -17.5264789, 14.7508225 ], [ -17.5262136, 14.7508004 ], [ -17.5259269, 14.750741 ], [ -17.5256192, 14.7506362 ], [ -17.5249739, 14.7504093 ], [ -17.5245745, 14.7502326 ], [ -17.5241502, 14.7501022 ], [ -17.5239858, 14.7499743 ], [ -17.5239257, 14.7498363 ], [ -17.5238962, 14.7496752 ], [ -17.5238769, 14.749566 ], [ -17.5235754, 14.7497691 ], [ -17.5236508, 14.749655 ], [ -17.5237935, 14.7494791 ], [ -17.5238246, 14.7493085 ], [ -17.523764, 14.7491464 ], [ -17.5236247, 14.7489819 ], [ -17.5234335, 14.7488507 ], [ -17.5232739, 14.7487383 ], [ -17.5230191, 14.7484803 ], [ -17.5228558, 14.7483472 ], [ -17.5226991, 14.7482536 ], [ -17.5225595, 14.7481819 ], [ -17.5224468, 14.7481854 ], [ -17.5223493, 14.7483803 ], [ -17.5221674, 14.7491568 ], [ -17.5221738, 14.7492599 ], [ -17.5222111, 14.749259 ], [ -17.5222899, 14.749331 ], [ -17.5222796, 14.7493768 ], [ -17.5222426, 14.7494044 ], [ -17.5221125, 14.7493516 ], [ -17.5220954, 14.7492287 ], [ -17.5222477, 14.748341 ], [ -17.5221265, 14.7482471 ], [ -17.5220127, 14.7482154 ], [ -17.5219057, 14.7482063 ], [ -17.5217611, 14.7481348 ], [ -17.5215886, 14.7480491 ], [ -17.5214991, 14.7480211 ], [ -17.521026, 14.7481399 ], [ -17.5206531, 14.7481155 ], [ -17.5203724, 14.7480855 ], [ -17.5201625, 14.7479885 ], [ -17.5200052, 14.7479567 ], [ -17.5199081, 14.747872 ], [ -17.5198345, 14.7476271 ], [ -17.5194658, 14.7474391 ], [ -17.5194082, 14.7474366 ], [ -17.51936, 14.7475404 ], [ -17.51936, 14.7476934 ], [ -17.5193895, 14.7478931 ], [ -17.5193224, 14.7480436 ], [ -17.5192285, 14.7481811 ], [ -17.5191695, 14.7484171 ], [ -17.5191588, 14.7485546 ], [ -17.5191588, 14.7487491 ], [ -17.5191373, 14.7488814 ], [ -17.5189013, 14.7493172 ], [ -17.5186545, 14.7498411 ], [ -17.518533, 14.7503234 ], [ -17.518472, 14.7504792 ], [ -17.518453, 14.7505621 ], [ -17.5184186, 14.7506197 ], [ -17.5183646, 14.7506599 ], [ -17.5182946, 14.750636 ], [ -17.5182395, 14.7505939 ], [ -17.5181721, 14.750573 ], [ -17.5180874, 14.7506015 ], [ -17.5179983, 14.7505965 ], [ -17.5179097, 14.7505395 ], [ -17.5177131, 14.7504329 ], [ -17.5175825, 14.7503371 ], [ -17.5174843, 14.7502833 ], [ -17.5173758, 14.7502565 ], [ -17.5172815, 14.7502607 ], [ -17.5171656, 14.7502835 ], [ -17.5170669, 14.7503263 ], [ -17.5169723, 14.7504104 ], [ -17.5169256, 14.7504858 ], [ -17.5168829, 14.750646 ], [ -17.5168697, 14.7508037 ], [ -17.5168985, 14.7509072 ], [ -17.5169661, 14.7511449 ], [ -17.5169517, 14.7512421 ], [ -17.5169554, 14.7513301 ], [ -17.5168929, 14.7513561 ], [ -17.516832, 14.7513872 ], [ -17.5167673, 14.7514691 ], [ -17.5167244, 14.7514937 ], [ -17.5166678, 14.7515188 ], [ -17.5165918, 14.7514994 ], [ -17.5165145, 14.7514523 ], [ -17.5163613, 14.7513536 ], [ -17.5163044, 14.7512904 ], [ -17.5162764, 14.7512213 ], [ -17.5162226, 14.7510681 ], [ -17.5161963, 14.7509588 ], [ -17.516138, 14.7509444 ], [ -17.5160806, 14.7509377 ], [ -17.5160151, 14.7509496 ], [ -17.5159408, 14.7509728 ], [ -17.51589, 14.751001 ], [ -17.5157477, 14.7511099 ], [ -17.5158204, 14.7512316 ], [ -17.5158174, 14.7512683 ], [ -17.5157759, 14.7512738 ], [ -17.5156595, 14.7511993 ], [ -17.5155605, 14.7512055 ], [ -17.515472, 14.7512278 ], [ -17.5153747, 14.7512644 ], [ -17.5153145, 14.75131 ], [ -17.5152181, 14.7513808 ], [ -17.5150804, 14.7514459 ], [ -17.5149782, 14.7514864 ], [ -17.5148798, 14.7514918 ], [ -17.5147827, 14.7514708 ], [ -17.514683, 14.7514708 ], [ -17.5145935, 14.7515348 ], [ -17.5144046, 14.7515435 ], [ -17.514293, 14.7514688 ], [ -17.5143531, 14.7513941 ], [ -17.5146106, 14.7513775 ], [ -17.5148423, 14.7512613 ], [ -17.5148977, 14.7510934 ], [ -17.5146945, 14.7509553 ], [ -17.5145811, 14.7508822 ], [ -17.5144362, 14.7508176 ], [ -17.5133768, 14.7505339 ], [ -17.5131233, 14.7504566 ], [ -17.5126345, 14.7503504 ], [ -17.5126203, 14.7503477 ], [ -17.5124219, 14.75031 ], [ -17.5122245, 14.7502809 ], [ -17.5120477, 14.7502598 ], [ -17.5118694, 14.7502602 ], [ -17.5116961, 14.7502602 ], [ -17.5115331, 14.7502795 ], [ -17.5113717, 14.7503012 ], [ -17.511151, 14.7503566 ], [ -17.5109544, 14.7504051 ], [ -17.5107232, 14.7504813 ], [ -17.5105595, 14.7505315 ], [ -17.5103853, 14.7506041 ], [ -17.5102261, 14.7506728 ], [ -17.5101104, 14.7507315 ], [ -17.5100029, 14.7507872 ], [ -17.5098919, 14.7508658 ], [ -17.5097957, 14.7509401 ], [ -17.5097284, 14.7510086 ], [ -17.509597, 14.7512164 ], [ -17.5095555, 14.7513244 ], [ -17.5095228, 14.7514546 ], [ -17.5095193, 14.7515712 ], [ -17.5095267, 14.7516741 ], [ -17.5095859, 14.751791 ], [ -17.5096134, 14.7518455 ], [ -17.5096502, 14.7518831 ], [ -17.5096753, 14.7519004 ], [ -17.5099586, 14.7519004 ], [ -17.509962, 14.751935 ], [ -17.5096753, 14.7519585 ], [ -17.5096753, 14.7527138 ], [ -17.5095466, 14.7528632 ], [ -17.5091003, 14.7528715 ], [ -17.5088513, 14.7529794 ], [ -17.5086968, 14.7532118 ], [ -17.5087398, 14.7533281 ], [ -17.508611, 14.7533613 ], [ -17.508327, 14.7537726 ], [ -17.5080651, 14.7538962 ], [ -17.5074828, 14.7535715 ], [ -17.5072717, 14.7534761 ], [ -17.5072039, 14.7535521 ], [ -17.5070855, 14.7535969 ], [ -17.5067582, 14.7538467 ], [ -17.5065581, 14.7540275 ], [ -17.5061665, 14.7541501 ], [ -17.5058082, 14.7540427 ], [ -17.5052668, 14.7539712 ], [ -17.5047856, 14.7540718 ], [ -17.504383, 14.7539829 ], [ -17.5042293, 14.7540136 ], [ -17.504155, 14.7540607 ], [ -17.5041014, 14.7544602 ], [ -17.5040022, 14.7545769 ], [ -17.5039163, 14.7544524 ], [ -17.5039378, 14.7541852 ], [ -17.5039119, 14.7541783 ], [ -17.5037715, 14.7541411 ], [ -17.5036169, 14.7543111 ], [ -17.5034832, 14.7543325 ], [ -17.5032984, 14.7552779 ], [ -17.5032619, 14.7556269 ], [ -17.5031714, 14.7556898 ], [ -17.5030865, 14.7556385 ], [ -17.5030436, 14.7554936 ], [ -17.5028394, 14.7553122 ], [ -17.5028542, 14.7552175 ], [ -17.502759, 14.7551721 ], [ -17.5027482, 14.7551371 ], [ -17.5028622, 14.7551164 ], [ -17.502887, 14.7550594 ], [ -17.5027615, 14.7548533 ], [ -17.5026235, 14.7548179 ], [ -17.502594, 14.7546702 ], [ -17.5026452, 14.7546457 ], [ -17.5028777, 14.7547906 ], [ -17.5029743, 14.754998 ], [ -17.5032039, 14.7549903 ], [ -17.5031876, 14.7545005 ], [ -17.5032713, 14.7543823 ], [ -17.5033135, 14.7540122 ], [ -17.5032237, 14.7534065 ], [ -17.5029377, 14.7531047 ], [ -17.5026136, 14.753063 ], [ -17.502154, 14.7527294 ], [ -17.5015693, 14.7525944 ], [ -17.5015466, 14.7525083 ], [ -17.5011214, 14.7527697 ], [ -17.5011053, 14.753039 ], [ -17.5011855, 14.7534151 ], [ -17.5014773, 14.7538176 ], [ -17.5019004, 14.7541334 ], [ -17.5021018, 14.7543479 ], [ -17.5021865, 14.7544714 ], [ -17.5023494, 14.7548848 ], [ -17.5025504, 14.7552629 ], [ -17.502598, 14.7553342 ], [ -17.5026222, 14.755451 ], [ -17.5026074, 14.7556144 ], [ -17.5026498, 14.7557368 ], [ -17.5023352, 14.7557622 ], [ -17.5022949, 14.7557013 ], [ -17.502138, 14.7556481 ], [ -17.5019771, 14.7556325 ], [ -17.501784, 14.7556714 ], [ -17.5015265, 14.7556118 ], [ -17.5014514, 14.7554938 ], [ -17.5014098, 14.7553096 ], [ -17.5015748, 14.7552201 ], [ -17.5016378, 14.7552474 ], [ -17.5017451, 14.7553498 ], [ -17.5018215, 14.755355 ], [ -17.5019006, 14.7553174 ], [ -17.5020307, 14.7554147 ], [ -17.5021581, 14.7554172 ], [ -17.5022762, 14.755416 ], [ -17.5023808, 14.7553459 ], [ -17.5024001, 14.7552796 ], [ -17.5021633, 14.754806 ], [ -17.5019637, 14.7548337 ], [ -17.5018926, 14.7547195 ], [ -17.5018054, 14.7546988 ], [ -17.5018054, 14.7546249 ], [ -17.5018899, 14.7545963 ], [ -17.5018926, 14.7545172 ], [ -17.5018049, 14.7544067 ], [ -17.5016069, 14.7545004 ], [ -17.5013134, 14.754767 ], [ -17.5012563, 14.755002 ], [ -17.5012545, 14.7552339 ], [ -17.5011529, 14.7554587 ], [ -17.5007446, 14.7555625 ], [ -17.500522, 14.7557013 ], [ -17.5000888, 14.7556857 ], [ -17.4998942, 14.7557634 ], [ -17.4997465, 14.7557206 ], [ -17.4989764, 14.7550801 ], [ -17.4988704, 14.7550781 ], [ -17.4987008, 14.7549465 ], [ -17.4987109, 14.7547811 ], [ -17.4982111, 14.7545158 ], [ -17.498069970629246, 14.754521517839034 ], [ -17.4980069, 14.754245 ] ] ], [ [ [ -17.5408636, 14.7428661 ], [ -17.540885, 14.7427416 ], [ -17.5409601, 14.7425756 ], [ -17.541046, 14.7425133 ], [ -17.5411533, 14.7425029 ], [ -17.5411747, 14.7425548 ], [ -17.5411801, 14.742657 ], [ -17.5411533, 14.7428453 ], [ -17.5410138, 14.7429387 ], [ -17.5408791, 14.7429563 ], [ -17.5408636, 14.7428661 ] ] ], [ [ [ -17.5383316, 14.7462381 ], [ -17.5380419, 14.746539 ], [ -17.5378488, 14.7466324 ], [ -17.5376771, 14.746622 ], [ -17.5375591, 14.7463938 ], [ -17.5375913, 14.7461655 ], [ -17.5377629, 14.7459787 ], [ -17.5380312, 14.7458231 ], [ -17.5383208, 14.7457194 ], [ -17.5385569, 14.7455741 ], [ -17.5389217, 14.7453251 ], [ -17.5392221, 14.7450657 ], [ -17.5394259, 14.7448893 ], [ -17.5395654, 14.7447337 ], [ -17.539737, 14.744578 ], [ -17.5400053, 14.7444328 ], [ -17.5402842, 14.7443705 ], [ -17.5406919, 14.7443187 ], [ -17.5414215, 14.7440593 ], [ -17.5417112, 14.7439348 ], [ -17.5418614, 14.7438414 ], [ -17.5421188, 14.7436235 ], [ -17.5421725, 14.7433952 ], [ -17.5421188, 14.7431877 ], [ -17.5420545, 14.7428972 ], [ -17.5419043, 14.7427001 ], [ -17.5417004, 14.7425859 ], [ -17.5416897, 14.7424614 ], [ -17.5418077, 14.7424303 ], [ -17.5421081, 14.7424199 ], [ -17.5423012, 14.7424096 ], [ -17.5423442, 14.7422643 ], [ -17.542312, 14.742119 ], [ -17.5422369, 14.7419219 ], [ -17.5422369, 14.7416833 ], [ -17.5423763, 14.7414342 ], [ -17.5425909, 14.7412164 ], [ -17.5429342, 14.7410711 ], [ -17.5432561, 14.7410296 ], [ -17.544093, 14.7412371 ], [ -17.5442861, 14.7413512 ], [ -17.5443504, 14.7414965 ], [ -17.5443016, 14.7415764 ], [ -17.5441192, 14.7416075 ], [ -17.5438676, 14.7416625 ], [ -17.5438033, 14.7415691 ], [ -17.5436745, 14.7413616 ], [ -17.5435029, 14.7412994 ], [ -17.5432346, 14.7412579 ], [ -17.5430308, 14.7413097 ], [ -17.5428699, 14.7413824 ], [ -17.5427411, 14.7414965 ], [ -17.5427089, 14.7416833 ], [ -17.5426982, 14.7420049 ], [ -17.5427733, 14.7423162 ], [ -17.5427733, 14.7426897 ], [ -17.5427304, 14.743084 ], [ -17.5426231, 14.7434264 ], [ -17.5423812, 14.7438798 ], [ -17.5421129, 14.7441703 ], [ -17.5418555, 14.7443467 ], [ -17.5415229, 14.7445542 ], [ -17.541201, 14.7446994 ], [ -17.5409387, 14.7448271 ], [ -17.5407504, 14.7449485 ], [ -17.540524, 14.74499 ], [ -17.5403089, 14.7449905 ], [ -17.5400895, 14.7450667 ], [ -17.5397816, 14.7452001 ], [ -17.5394796, 14.7453562 ], [ -17.538868, 14.7457505 ], [ -17.5383316, 14.7462381 ] ] ], [ [ [ -17.5083278, 14.7541913 ], [ -17.5083964, 14.7542909 ], [ -17.5082419, 14.7546893 ], [ -17.5081218, 14.7547723 ], [ -17.5080102, 14.7546229 ], [ -17.5079845, 14.7544901 ], [ -17.5080188, 14.7543988 ], [ -17.5081467, 14.7543627 ], [ -17.508193, 14.7542948 ], [ -17.5082923, 14.7542225 ], [ -17.5083278, 14.7541913 ] ] ], [ [ [ -17.5168728, 14.7545419 ], [ -17.5169573, 14.7544964 ], [ -17.5171382, 14.7543462 ], [ -17.5170778, 14.7546005 ], [ -17.5169932, 14.7547719 ], [ -17.5169235, 14.7549153 ], [ -17.5168973, 14.7549848 ], [ -17.5168173, 14.7550635 ], [ -17.516719, 14.7551377 ], [ -17.5166877, 14.7551956 ], [ -17.5165418, 14.7556189 ], [ -17.5164564, 14.7562149 ], [ -17.5164, 14.7562919 ], [ -17.516297, 14.7563612 ], [ -17.5161899, 14.7563908 ], [ -17.5160156, 14.7563461 ], [ -17.5158552, 14.7563316 ], [ -17.5157574, 14.756342 ], [ -17.5156517, 14.7563827 ], [ -17.5154382, 14.7565841 ], [ -17.5152817, 14.7567351 ], [ -17.5151137, 14.7568687 ], [ -17.5150937, 14.7569108 ], [ -17.5150604, 14.7569673 ], [ -17.5150163, 14.7569952 ], [ -17.5149289, 14.7569885 ], [ -17.5147911, 14.756947 ], [ -17.5146569, 14.7569192 ], [ -17.51453, 14.7569013 ], [ -17.5143872, 14.7569213 ], [ -17.5142449, 14.7569515 ], [ -17.5140292, 14.7570145 ], [ -17.5139072, 14.7570515 ], [ -17.5137927, 14.7571234 ], [ -17.5136898, 14.7572014 ], [ -17.5136329, 14.7572687 ], [ -17.5135835, 14.7573268 ], [ -17.5135489, 14.7573529 ], [ -17.5134962, 14.7573766 ], [ -17.5134287, 14.757348 ], [ -17.5133702, 14.7573618 ], [ -17.5133081, 14.757414 ], [ -17.5132855, 14.7575797 ], [ -17.513256, 14.7576066 ], [ -17.513207, 14.7575856 ], [ -17.5131351, 14.7575277 ], [ -17.5130752, 14.7575435 ], [ -17.5129786, 14.7575706 ], [ -17.5128973, 14.7575551 ], [ -17.5128299, 14.757536 ], [ -17.5127243, 14.75755 ], [ -17.5126419, 14.757555 ], [ -17.5125538, 14.7575321 ], [ -17.5124231, 14.7574397 ], [ -17.5122732, 14.7573521 ], [ -17.5119033, 14.7572032 ], [ -17.5116718, 14.7570725 ], [ -17.5116437, 14.7569759 ], [ -17.5116889, 14.7569165 ], [ -17.5117243, 14.7568602 ], [ -17.5117087, 14.7568051 ], [ -17.5116631, 14.7567375 ], [ -17.5115492, 14.7566665 ], [ -17.5114424, 14.7565902 ], [ -17.5113398, 14.7565233 ], [ -17.5112471, 14.7564722 ], [ -17.5111534, 14.7564214 ], [ -17.5110883, 14.756347 ], [ -17.5110682, 14.7562923 ], [ -17.5110802, 14.7562132 ], [ -17.5111583, 14.7561004 ], [ -17.5113213, 14.7559367 ], [ -17.5114735, 14.7557738 ], [ -17.5114111, 14.7556463 ], [ -17.5114769, 14.7555999 ], [ -17.5115222, 14.7556725 ], [ -17.5115449, 14.7557339 ], [ -17.511556, 14.7557479 ], [ -17.5116111, 14.7557386 ], [ -17.5116941, 14.7556971 ], [ -17.5118069, 14.7556288 ], [ -17.5118366, 14.7556056 ], [ -17.5118801, 14.7555715 ], [ -17.5119482, 14.7555207 ], [ -17.5120422, 14.7554537 ], [ -17.512092, 14.7554405 ], [ -17.5121392, 14.7553981 ], [ -17.5121852, 14.7553404 ], [ -17.5122509, 14.755293 ], [ -17.5123258, 14.7552713 ], [ -17.512471, 14.7551988 ], [ -17.5125552, 14.7551373 ], [ -17.5127103, 14.7549314 ], [ -17.5127893, 14.7549764 ], [ -17.5128292, 14.7549316 ], [ -17.5128611, 14.7548838 ], [ -17.5128189, 14.7548121 ], [ -17.5128683, 14.7547337 ], [ -17.5130475, 14.7545552 ], [ -17.5131868, 14.7546207 ], [ -17.5132704, 14.7545847 ], [ -17.513332, 14.7546344 ], [ -17.5132982, 14.7546684 ], [ -17.5133363, 14.7547094 ], [ -17.5133715, 14.754708 ], [ -17.5134041, 14.7547333 ], [ -17.5136321, 14.75493 ], [ -17.5137508, 14.7549562 ], [ -17.5138072, 14.7549439 ], [ -17.5138904, 14.7549616 ], [ -17.5139631, 14.7550211 ], [ -17.5139852, 14.7549818 ], [ -17.5140088, 14.7549425 ], [ -17.5140683, 14.7548936 ], [ -17.5141322, 14.754837 ], [ -17.514162, 14.7548452 ], [ -17.5141667, 14.7549001 ], [ -17.5141603, 14.7549814 ], [ -17.5141737, 14.755061 ], [ -17.5142276, 14.7550622 ], [ -17.5142755, 14.7550664 ], [ -17.5142789, 14.7550309 ], [ -17.5142869, 14.7549673 ], [ -17.5143182, 14.7549645 ], [ -17.514335, 14.7549733 ], [ -17.5144347, 14.7550215 ], [ -17.5145602, 14.755098 ], [ -17.5146777, 14.7550181 ], [ -17.5146942, 14.7549753 ], [ -17.5147887, 14.7549539 ], [ -17.5147922, 14.7549 ], [ -17.5148011, 14.7548712 ], [ -17.5148298, 14.7548693 ], [ -17.514854, 14.7548876 ], [ -17.5148514, 14.7549318 ], [ -17.5148452, 14.7549739 ], [ -17.5148821, 14.7549869 ], [ -17.5149968, 14.7551707 ], [ -17.5152114, 14.7552952 ], [ -17.5155032, 14.7553616 ], [ -17.5157607, 14.7553201 ], [ -17.5158938, 14.7552494 ], [ -17.5158938, 14.7552186 ], [ -17.5162181, 14.755052 ], [ -17.5162428, 14.7550393 ], [ -17.5162874, 14.7550124 ], [ -17.5163096, 14.754999 ], [ -17.5163358, 14.7549134 ], [ -17.5163656, 14.7548773 ], [ -17.5163909, 14.754771 ], [ -17.5164475, 14.7546857 ], [ -17.5164827, 14.754644 ], [ -17.5165602, 14.7546178 ], [ -17.5167426, 14.754588 ], [ -17.5168728, 14.7545419 ] ] ] ] } },
{ "type": "Feature", "properties": { "osm_id": 12988610, "commune": "Ouakam", "departement": "Dakar", "zone_prioritaire": null, "prioritaire": false, "surface_km2": 5.94, "pct_mer_retire": 22.6, "wikidata": "Q3357914" }, "geometry": { "type": "Polygon", "coordinates": [ [ [ -17.5048562, 14.728422 ], [ -17.5039549, 14.7279986 ], [ -17.50241, 14.7276749 ], [ -17.5021267, 14.7286461 ], [ -17.501689, 14.7322819 ], [ -17.4996548, 14.7318586 ], [ -17.4975434, 14.7333776 ], [ -17.4951745, 14.733029 ], [ -17.4919301, 14.7325558 ], [ -17.4871665, 14.730987 ], [ -17.4809609, 14.7313854 ], [ -17.4808836, 14.730987 ], [ -17.4813214, 14.7298165 ], [ -17.4807326, 14.7258109 ], [ -17.4795224, 14.724989 ], [ -17.477411, 14.7252381 ], [ -17.4762008, 14.7253128 ], [ -17.4753726, 14.7254167 ], [ -17.4751151, 14.7254416 ], [ -17.4755013, 14.728156 ], [ -17.4750893, 14.7283304 ], [ -17.4752181, 14.7287288 ], [ -17.4753726, 14.7295755 ], [ -17.4730939, 14.731142 ], [ -17.4717311, 14.7266504 ], [ -17.4711131, 14.7244589 ], [ -17.4710873, 14.7231639 ], [ -17.4711131, 14.7211467 ], [ -17.4717053, 14.7168632 ], [ -17.4720358, 14.7169768 ], [ -17.4725023, 14.7176774 ], [ -17.473298, 14.7184046 ], [ -17.4734893, 14.7182196 ], [ -17.4748435, 14.7179708 ], [ -17.4751252, 14.7160797 ], [ -17.4751783, 14.7156543 ], [ -17.4751707, 14.7153455 ], [ -17.4752918, 14.7153271 ], [ -17.4752945, 14.715104 ], [ -17.4755386, 14.7149457 ], [ -17.4756753, 14.7149587 ], [ -17.47578, 14.7150132 ], [ -17.4758027, 14.7151245 ], [ -17.4760955, 14.7174962 ], [ -17.4775246, 14.7172865 ], [ -17.4787348, 14.7170873 ], [ -17.4808205, 14.7155183 ], [ -17.4816188, 14.7164398 ], [ -17.4829062, 14.7155681 ], [ -17.4815253, 14.7124331 ], [ -17.4814495, 14.7091599 ], [ -17.486568, 14.7094832 ], [ -17.4892065, 14.7145181 ], [ -17.489829077500143, 14.713390925977881 ], [ -17.4898911, 14.7135241 ], [ -17.4899527, 14.713755 ], [ -17.4900547, 14.7141285 ], [ -17.490111, 14.714305 ], [ -17.4903148, 14.7145307 ], [ -17.4905777, 14.714746 ], [ -17.4911195, 14.7151118 ], [ -17.4914628, 14.7152829 ], [ -17.4916774, 14.7153401 ], [ -17.4920717, 14.7153971 ], [ -17.4924361, 14.7156358 ], [ -17.4928738, 14.7156026 ], [ -17.493509, 14.7153286 ], [ -17.4940411, 14.7151128 ], [ -17.4944188, 14.714955 ], [ -17.4948909, 14.7146562 ], [ -17.4952287, 14.7146007 ], [ -17.4955406, 14.714618 ], [ -17.4956954, 14.7146266 ], [ -17.4964893, 14.7148446 ], [ -17.4968192, 14.7149535 ], [ -17.4970552, 14.7150884 ], [ -17.4972671, 14.7154931 ], [ -17.4973315, 14.7157837 ], [ -17.4974527, 14.7160376 ], [ -17.4975622, 14.7162454 ], [ -17.4977258, 14.7165438 ], [ -17.4978894, 14.7170107 ], [ -17.4979216, 14.7172079 ], [ -17.4980289, 14.7174232 ], [ -17.4981898, 14.7176671 ], [ -17.4983347, 14.7177449 ], [ -17.4986029, 14.7178175 ], [ -17.4988067, 14.717859 ], [ -17.4991447, 14.7178746 ], [ -17.4994451, 14.7179161 ], [ -17.5000244, 14.7180095 ], [ -17.5006145, 14.7181859 ], [ -17.500872, 14.7181859 ], [ -17.5011241, 14.7181029 ], [ -17.5014085, 14.7179732 ], [ -17.501556, 14.7179913 ], [ -17.5016552, 14.718051 ], [ -17.5017786, 14.7182015 ], [ -17.5020576, 14.7184453 ], [ -17.5023883, 14.7185894 ], [ -17.5027201, 14.7187748 ], [ -17.5028488, 14.7189071 ], [ -17.5029891, 14.7190294 ], [ -17.5030768, 14.7190783 ], [ -17.5031951, 14.7190709 ], [ -17.5032565, 14.7190783 ], [ -17.5032941, 14.7191094 ], [ -17.5032793, 14.7191483 ], [ -17.5032404, 14.7191873 ], [ -17.503135, 14.7192203 ], [ -17.5030714, 14.7195401 ], [ -17.5030607, 14.7197035 ], [ -17.5030875, 14.7198358 ], [ -17.503135, 14.7199093 ], [ -17.5035247, 14.7200926 ], [ -17.5036758, 14.7202331 ], [ -17.5037849, 14.7204662 ], [ -17.5038976, 14.7211329 ], [ -17.5040451, 14.7215713 ], [ -17.5041148, 14.7217711 ], [ -17.5041765, 14.7219656 ], [ -17.5042087, 14.722168 ], [ -17.5042114, 14.7223288 ], [ -17.5041926, 14.7224922 ], [ -17.5041041, 14.7227075 ], [ -17.5039592, 14.7229255 ], [ -17.503809, 14.7231174 ], [ -17.5037232, 14.7232964 ], [ -17.5036106, 14.7235195 ], [ -17.5035703, 14.7238126 ], [ -17.5035837, 14.7241136 ], [ -17.5036672, 14.7243204 ], [ -17.5037002, 14.7244358 ], [ -17.5037142, 14.7246231 ], [ -17.5037314, 14.7247129 ], [ -17.5037548, 14.7248345 ], [ -17.5039821, 14.72531 ], [ -17.5040773, 14.7255092 ], [ -17.5043991, 14.7259917 ], [ -17.5046199, 14.7263345 ], [ -17.505049, 14.7267661 ], [ -17.5052134, 14.7268698 ], [ -17.5054291, 14.726993 ], [ -17.5058237, 14.7273078 ], [ -17.5062311, 14.7276805 ], [ -17.5066602, 14.7281448 ], [ -17.5068641, 14.7284898 ], [ -17.5069633, 14.7286662 ], [ -17.5072932, 14.7292629 ], [ -17.507436502469098, 14.729475826305015 ], [ -17.5066329, 14.7303146 ], [ -17.5048562, 14.728422 ] ] ] } },
{ "type": "Feature", "properties": { "osm_id": 12982372, "commune": "Parcelles Assainies", "departement": "Dakar", "zone_prioritaire": null, "prioritaire": false, "surface_km2": 3.895, "pct_mer_retire": 40.4, "wikidata": null }, "geometry": { "type": "Polygon", "coordinates": [ [ [ -17.4376112, 14.7671432 ], [ -17.4371652, 14.7654537 ], [ -17.4369038, 14.7656207 ], [ -17.4360795, 14.7651134 ], [ -17.4344573, 14.7640863 ], [ -17.4337346, 14.7636828 ], [ -17.4333716, 14.7636263 ], [ -17.4329853, 14.7637197 ], [ -17.4328351, 14.7635018 ], [ -17.4317193, 14.7637093 ], [ -17.4299727, 14.7640105 ], [ -17.4294917, 14.76097 ], [ -17.4289772, 14.7579973 ], [ -17.4287342, 14.7567242 ], [ -17.4292088, 14.7566337 ], [ -17.4305752, 14.7556801 ], [ -17.4334339, 14.7539083 ], [ -17.4347332, 14.7531253 ], [ -17.4365336, 14.752041 ], [ -17.4375435, 14.7515244 ], [ -17.4403498, 14.7506081 ], [ -17.4416112, 14.7501042 ], [ -17.4425473, 14.7495898 ], [ -17.4430543, 14.7492829 ], [ -17.4436196, 14.7488936 ], [ -17.4441291, 14.749104 ], [ -17.4444377, 14.7492046 ], [ -17.4453974, 14.749589 ], [ -17.4465731, 14.7498361 ], [ -17.4482149, 14.75017 ], [ -17.4497132, 14.7504038 ], [ -17.4511012, 14.750606 ], [ -17.4517822, 14.7507925 ], [ -17.4524313, 14.7510217 ], [ -17.4532682, 14.7513736 ], [ -17.4536766, 14.7515973 ], [ -17.4552361, 14.7524536 ], [ -17.4547306, 14.7529985 ], [ -17.4539502, 14.7547346 ], [ -17.4531365, 14.7564714 ], [ -17.4516373, 14.7597619 ], [ -17.4505096, 14.7622079 ], [ -17.4499684, 14.7630695 ], [ -17.4494147, 14.7635953 ], [ -17.4487758, 14.7641464 ], [ -17.448374, 14.7643527 ], [ -17.4481249, 14.7644967 ], [ -17.448645540401795, 14.765757825361597 ], [ -17.4478447, 14.7659554 ], [ -17.4465922, 14.7662822 ], [ -17.4450713, 14.766775 ], [ -17.4435586, 14.7671692 ], [ -17.442475, 14.767426 ], [ -17.4415952, 14.7676672 ], [ -17.440989, 14.7678306 ], [ -17.4404499, 14.7681341 ], [ -17.4394977, 14.7684686 ], [ -17.4380869, 14.7688343 ], [ -17.438077317024359, 14.76883651421223 ], [ -17.4376112, 14.7671432 ] ] ] } },
{ "type": "Feature", "properties": { "osm_id": 12982371, "commune": "Patte d'Oie", "departement": "Dakar", "zone_prioritaire": null, "prioritaire": false, "surface_km2": 3.19, "pct_mer_retire": 0.0, "wikidata": "Q3370147" }, "geometry": { "type": "Polygon", "coordinates": [ [ [ -17.4603701, 14.7491006 ], [ -17.4578216, 14.7504409 ], [ -17.4566964, 14.7511616 ], [ -17.4558075, 14.7518524 ], [ -17.4552361, 14.7524536 ], [ -17.4536766, 14.7515973 ], [ -17.4532682, 14.7513736 ], [ -17.4524313, 14.7510217 ], [ -17.4517822, 14.7507925 ], [ -17.4511012, 14.750606 ], [ -17.4497132, 14.7504038 ], [ -17.4482149, 14.75017 ], [ -17.4465731, 14.7498361 ], [ -17.4453974, 14.749589 ], [ -17.4444377, 14.7492046 ], [ -17.4441291, 14.749104 ], [ -17.4436196, 14.7488936 ], [ -17.4430543, 14.7492829 ], [ -17.4425473, 14.7495898 ], [ -17.4416112, 14.7501042 ], [ -17.4403498, 14.7506081 ], [ -17.4375435, 14.7515244 ], [ -17.4365336, 14.752041 ], [ -17.4347332, 14.7531253 ], [ -17.4334339, 14.7539083 ], [ -17.4305752, 14.7556801 ], [ -17.4292088, 14.7566337 ], [ -17.4287342, 14.7567242 ], [ -17.4288641, 14.7561161 ], [ -17.4288347, 14.7542675 ], [ -17.4285999, 14.7525795 ], [ -17.4273639, 14.7498404 ], [ -17.4256129, 14.7474499 ], [ -17.4245815, 14.7452296 ], [ -17.4254689, 14.7448961 ], [ -17.4332697, 14.7428847 ], [ -17.4365593, 14.7423271 ], [ -17.4382178, 14.7419273 ], [ -17.4389227, 14.7419346 ], [ -17.440115, 14.7420219 ], [ -17.4412262, 14.7425859 ], [ -17.4418915, 14.7428284 ], [ -17.4425443, 14.7430286 ], [ -17.4446151, 14.7433401 ], [ -17.4492857, 14.744055 ], [ -17.4539187, 14.7448723 ], [ -17.4544606, 14.7449683 ], [ -17.4556944, 14.7451654 ], [ -17.4567243, 14.745321 ], [ -17.4575826, 14.7454767 ], [ -17.4585268, 14.7456219 ], [ -17.4589989, 14.7456946 ], [ -17.4594709, 14.7457983 ], [ -17.4600395, 14.7459954 ], [ -17.4605867, 14.7462756 ], [ -17.460973, 14.7465142 ], [ -17.4613056, 14.7467632 ], [ -17.4616489, 14.747033 ], [ -17.4619064, 14.7472924 ], [ -17.4623248, 14.7477696 ], [ -17.4626037, 14.7481017 ], [ -17.4603701, 14.7491006 ] ] ] } },
{ "type": "Feature", "properties": { "osm_id": 12988838, "commune": "Sicap-Liberté", "departement": "Dakar", "zone_prioritaire": null, "prioritaire": false, "surface_km2": 3.186, "pct_mer_retire": -0.0, "wikidata": "Q3483025" }, "geometry": { "type": "Polygon", "coordinates": [ [ [ -17.4610778, 14.708418 ], [ -17.4635594, 14.7113693 ], [ -17.4654262, 14.713399 ], [ -17.4659798, 14.7143454 ], [ -17.4662759, 14.7154287 ], [ -17.4664304, 14.7164498 ], [ -17.4662888, 14.7171347 ], [ -17.4662759, 14.7175083 ], [ -17.4663145, 14.7178694 ], [ -17.4664047, 14.7180437 ], [ -17.4695931, 14.7163502 ], [ -17.4717303, 14.7152046 ], [ -17.4717053, 14.7168632 ], [ -17.4711131, 14.7211467 ], [ -17.4710873, 14.7231639 ], [ -17.4711131, 14.7244589 ], [ -17.4717311, 14.7266504 ], [ -17.4730939, 14.731142 ], [ -17.4715254, 14.7321533 ], [ -17.4712241, 14.732239 ], [ -17.4705772, 14.7320504 ], [ -17.4641237, 14.7296067 ], [ -17.4619608, 14.7293079 ], [ -17.4569619, 14.7285978 ], [ -17.4564328, 14.7285226 ], [ -17.4572362, 14.7229086 ], [ -17.4580265, 14.7229714 ], [ -17.4549424, 14.7139111 ], [ -17.4547131, 14.7132906 ], [ -17.4600565, 14.7072002 ], [ -17.4610778, 14.708418 ] ] ] } },
{ "type": "Feature", "properties": { "osm_id": 12988608, "commune": "Yoff", "departement": "Dakar", "zone_prioritaire": null, "prioritaire": false, "surface_km2": 14.592, "pct_mer_retire": 34.1, "wikidata": "Q3098136" }, "geometry": { "type": "MultiPolygon", "coordinates": [ [ [ [ -17.5052166, 14.7333278 ], [ -17.5055514, 14.7351706 ], [ -17.5057059, 14.7394787 ], [ -17.5062145, 14.7455647 ], [ -17.5062275, 14.745721 ], [ -17.5063239, 14.7468744 ], [ -17.5035537, 14.7482545 ], [ -17.5030817, 14.7484726 ], [ -17.4970799, 14.7514312 ], [ -17.4972086, 14.7522032 ], [ -17.4980069, 14.754245 ], [ -17.498069970629246, 14.754521517839034 ], [ -17.4977372, 14.754535 ], [ -17.4975353, 14.7544536 ], [ -17.4972107, 14.7548219 ], [ -17.4968229, 14.7547026 ], [ -17.4966778, 14.754707 ], [ -17.4960481, 14.754853 ], [ -17.4952286, 14.7551938 ], [ -17.4952455, 14.7556303 ], [ -17.4951432, 14.7556535 ], [ -17.4951002, 14.7552982 ], [ -17.4947739, 14.7552729 ], [ -17.4942222, 14.7555077 ], [ -17.4936096, 14.7560174 ], [ -17.4927743, 14.756254 ], [ -17.492495, 14.7565771 ], [ -17.4924897, 14.7570901 ], [ -17.4922634, 14.7576468 ], [ -17.4919738, 14.7579008 ], [ -17.4918058, 14.7582265 ], [ -17.4913726, 14.7583546 ], [ -17.4909331, 14.7583691 ], [ -17.4906311, 14.7581276 ], [ -17.4902961, 14.7577957 ], [ -17.490003, 14.757664 ], [ -17.4897911, 14.7575397 ], [ -17.4896255, 14.7574935 ], [ -17.489356, 14.7575065 ], [ -17.4892473, 14.7575402 ], [ -17.4891898, 14.7576413 ], [ -17.4890981, 14.7576887 ], [ -17.4889874, 14.7576805 ], [ -17.4882892, 14.7580677 ], [ -17.4881947, 14.7581355 ], [ -17.4881523, 14.7582962 ], [ -17.488167, 14.7583482 ], [ -17.4881262, 14.7584648 ], [ -17.4880105, 14.7584964 ], [ -17.4878703, 14.7585216 ], [ -17.4877677, 14.7586886 ], [ -17.4878132, 14.758883 ], [ -17.488004, 14.7589455 ], [ -17.4879746, 14.7590606 ], [ -17.4876764, 14.7589707 ], [ -17.4876242, 14.7590968 ], [ -17.4875591, 14.7591252 ], [ -17.4875281, 14.7592654 ], [ -17.4875986, 14.7593289 ], [ -17.4876218, 14.7597655 ], [ -17.487653, 14.7603618 ], [ -17.4873013, 14.7606034 ], [ -17.4868955, 14.761236 ], [ -17.4863323, 14.7614431 ], [ -17.4855725, 14.760974 ], [ -17.4848557, 14.7608846 ], [ -17.4846173, 14.7613116 ], [ -17.4840591, 14.7620593 ], [ -17.4841599, 14.7621275 ], [ -17.4835468, 14.7628185 ], [ -17.4833018, 14.7634067 ], [ -17.4829996, 14.7639673 ], [ -17.4826994, 14.7642498 ], [ -17.482056, 14.7642867 ], [ -17.481628, 14.7646381 ], [ -17.4816339, 14.7647325 ], [ -17.4815816, 14.7648505 ], [ -17.4816084, 14.7649283 ], [ -17.4815936, 14.7650685 ], [ -17.481285, 14.7652862 ], [ -17.4810846, 14.7654663 ], [ -17.4807073, 14.7655464 ], [ -17.4805052, 14.7655983 ], [ -17.4799892, 14.7656858 ], [ -17.4797036, 14.765757 ], [ -17.4794133, 14.7656787 ], [ -17.479049, 14.765432 ], [ -17.4785713, 14.7650357 ], [ -17.4778764, 14.7645199 ], [ -17.4770818, 14.7639024 ], [ -17.4766225, 14.7635131 ], [ -17.4760822, 14.7630873 ], [ -17.4753152, 14.7626128 ], [ -17.4747067, 14.7622504 ], [ -17.4741626, 14.7622647 ], [ -17.4737549, 14.762109 ], [ -17.4732211, 14.761956 ], [ -17.4725881, 14.7617978 ], [ -17.4715957, 14.7616889 ], [ -17.4705926, 14.7616733 ], [ -17.4694473, 14.761733 ], [ -17.4679452, 14.7619456 ], [ -17.4667865, 14.7622024 ], [ -17.4648419, 14.7624877 ], [ -17.4638575, 14.76262 ], [ -17.4631548, 14.7627419 ], [ -17.4622697, 14.7628482 ], [ -17.4614516, 14.7629831 ], [ -17.4604028, 14.7632113 ], [ -17.4592897, 14.7634551 ], [ -17.4571948, 14.7637496 ], [ -17.4556822, 14.7641502 ], [ -17.4543974, 14.7645056 ], [ -17.4529946, 14.7648791 ], [ -17.4516267, 14.7650866 ], [ -17.4496365, 14.7654808 ], [ -17.4490222, 14.7656649 ], [ -17.448645540401795, 14.765757825361597 ], [ -17.4481249, 14.7644967 ], [ -17.448374, 14.7643527 ], [ -17.4487758, 14.7641464 ], [ -17.4494147, 14.7635953 ], [ -17.4499684, 14.7630695 ], [ -17.4505096, 14.7622079 ], [ -17.4516373, 14.7597619 ], [ -17.4531365, 14.7564714 ], [ -17.4539502, 14.7547346 ], [ -17.4547306, 14.7529985 ], [ -17.4552361, 14.7524536 ], [ -17.4558075, 14.7518524 ], [ -17.4566964, 14.7511616 ], [ -17.4578216, 14.7504409 ], [ -17.4603701, 14.7491006 ], [ -17.4626037, 14.7481017 ], [ -17.4636337, 14.7475725 ], [ -17.4647066, 14.7471419 ], [ -17.4658224, 14.7466958 ], [ -17.4666271, 14.7463741 ], [ -17.4674746, 14.7459073 ], [ -17.4684188, 14.7452847 ], [ -17.4690947, 14.7446518 ], [ -17.4698564, 14.7437388 ], [ -17.4704358, 14.7428257 ], [ -17.47094, 14.7418193 ], [ -17.4712405, 14.7410722 ], [ -17.4729706, 14.7360989 ], [ -17.4734495, 14.7344613 ], [ -17.4733982, 14.732675 ], [ -17.4730939, 14.731142 ], [ -17.4753726, 14.7295755 ], [ -17.4752181, 14.7287288 ], [ -17.4750893, 14.7283304 ], [ -17.4755013, 14.728156 ], [ -17.4751151, 14.7254416 ], [ -17.4753726, 14.7254167 ], [ -17.4762008, 14.7253128 ], [ -17.477411, 14.7252381 ], [ -17.4795224, 14.724989 ], [ -17.4807326, 14.7258109 ], [ -17.4813214, 14.7298165 ], [ -17.4808836, 14.730987 ], [ -17.4809609, 14.7313854 ], [ -17.4871665, 14.730987 ], [ -17.4919301, 14.7325558 ], [ -17.4951745, 14.733029 ], [ -17.4975434, 14.7333776 ], [ -17.4996548, 14.7318586 ], [ -17.501689, 14.7322819 ], [ -17.5021267, 14.7286461 ], [ -17.50241, 14.7276749 ], [ -17.5039549, 14.7279986 ], [ -17.5048562, 14.728422 ], [ -17.5066329, 14.7303146 ], [ -17.5052166, 14.7333278 ] ] ], [ [ [ -17.4780431, 14.7686794 ], [ -17.4783264, 14.7684304 ], [ -17.4781673, 14.7690406 ], [ -17.4779401, 14.7694181 ], [ -17.4775539, 14.76936 ], [ -17.476996, 14.7696255 ], [ -17.4765067, 14.769443 ], [ -17.4763351, 14.7692355 ], [ -17.4763179, 14.7689616 ], [ -17.4765239, 14.7685881 ], [ -17.4767814, 14.7683142 ], [ -17.4769702, 14.7681897 ], [ -17.4772449, 14.7681897 ], [ -17.477408, 14.7683806 ], [ -17.4777255, 14.7686462 ], [ -17.4780431, 14.7686794 ] ] ] ] } },
{ "type": "Feature", "properties": { "osm_id": 12982144, "commune": "Golf Sud", "departement": "Guédiawaye", "zone_prioritaire": "Guédiawaye", "prioritaire": true, "surface_km2": 4.265, "pct_mer_retire": 30.2, "wikidata": null }, "geometry": { "type": "Polygon", "coordinates": [ [ [ -17.4284625, 14.7659998 ], [ -17.4274454, 14.7655392 ], [ -17.4269839, 14.7651173 ], [ -17.4181492, 14.7704636 ], [ -17.4091112, 14.7752938 ], [ -17.4098064, 14.7765636 ], [ -17.4099906, 14.77779 ], [ -17.410498742568635, 14.779171746449848 ], [ -17.4104199, 14.7792111 ], [ -17.4098781, 14.7794419 ], [ -17.4095428, 14.7795378 ], [ -17.4089286, 14.7796857 ], [ -17.4086013, 14.779805 ], [ -17.4083143, 14.7799165 ], [ -17.4079442, 14.7800565 ], [ -17.407684, 14.7801862 ], [ -17.4073944, 14.7803288 ], [ -17.4070269, 14.7805052 ], [ -17.406697, 14.7806556 ], [ -17.4060559, 14.780819 ], [ -17.4054953, 14.7810472 ], [ -17.4050018, 14.7813143 ], [ -17.4044949, 14.7816022 ], [ -17.4038753, 14.7819031 ], [ -17.4035988, 14.7820819 ], [ -17.4032691, 14.782235 ], [ -17.4029553, 14.7823491 ], [ -17.4026871, 14.7824762 ], [ -17.4024752, 14.782554 ], [ -17.402369472154664, 14.782584146586876 ], [ -17.4019051, 14.7801238 ], [ -17.4011069, 14.7756117 ], [ -17.4031945, 14.7751565 ], [ -17.4024373, 14.77294 ], [ -17.4013964, 14.7700709 ], [ -17.4027868, 14.7701456 ], [ -17.4046665, 14.7695481 ], [ -17.406366, 14.7679048 ], [ -17.4094044, 14.7655145 ], [ -17.4108463, 14.7653153 ], [ -17.4143997, 14.7613812 ], [ -17.4156357, 14.7609081 ], [ -17.4191376, 14.7603604 ], [ -17.4220215, 14.7585178 ], [ -17.422897, 14.7568744 ], [ -17.421455, 14.749479 ], [ -17.4216095, 14.7487818 ], [ -17.4209143, 14.7465905 ], [ -17.4208113, 14.7456443 ], [ -17.421692, 14.7455548 ], [ -17.4239235, 14.7454466 ], [ -17.4245815, 14.7452296 ], [ -17.4256129, 14.7474499 ], [ -17.4273639, 14.7498404 ], [ -17.4285999, 14.7525795 ], [ -17.4288347, 14.7542675 ], [ -17.4288641, 14.7561161 ], [ -17.4287342, 14.7567242 ], [ -17.4289772, 14.7579973 ], [ -17.4294917, 14.76097 ], [ -17.4299727, 14.7640105 ], [ -17.4300718, 14.7662488 ], [ -17.4284625, 14.7659998 ] ] ] } },
{ "type": "Feature", "properties": { "osm_id": 12982140, "commune": "Medina Gounass", "departement": "Guédiawaye", "zone_prioritaire": "Guédiawaye", "prioritaire": true, "surface_km2": 0.733, "pct_mer_retire": 0.0, "wikidata": null }, "geometry": { "type": "Polygon", "coordinates": [ [ [ -17.3787028, 14.7718584 ], [ -17.3790085, 14.7710337 ], [ -17.3791856, 14.7704009 ], [ -17.3793411, 14.7701934 ], [ -17.3796416, 14.7698614 ], [ -17.3801565, 14.7692597 ], [ -17.3809934, 14.7681393 ], [ -17.3814655, 14.7672263 ], [ -17.3833537, 14.7666453 ], [ -17.3846841, 14.7667491 ], [ -17.3853493, 14.7668943 ], [ -17.3871517, 14.7668736 ], [ -17.3882461, 14.7669773 ], [ -17.3882675, 14.7676413 ], [ -17.3880744, 14.7695502 ], [ -17.3878115, 14.7696798 ], [ -17.3874575, 14.7700066 ], [ -17.3870444, 14.7705617 ], [ -17.3863551, 14.771542 ], [ -17.3858669, 14.7711763 ], [ -17.385757, 14.7711789 ], [ -17.3856229, 14.7713138 ], [ -17.3849148, 14.7722423 ], [ -17.3838097, 14.7737569 ], [ -17.3828548, 14.7749603 ], [ -17.3822165, 14.7751885 ], [ -17.3816907, 14.7753493 ], [ -17.3808271, 14.7754894 ], [ -17.3796791, 14.7757384 ], [ -17.3790193, 14.7759925 ], [ -17.3783433, 14.7764179 ], [ -17.3778391, 14.7766176 ], [ -17.3770277, 14.7768186 ], [ -17.3763438, 14.776803 ], [ -17.3763692, 14.7766772 ], [ -17.3765409, 14.7760237 ], [ -17.3767984, 14.7756606 ], [ -17.3770344, 14.7751315 ], [ -17.3772812, 14.774841 ], [ -17.377646, 14.7744053 ], [ -17.3779464, 14.7738659 ], [ -17.3780966, 14.7734198 ], [ -17.3782039, 14.7730567 ], [ -17.3786788, 14.7719206 ], [ -17.3787028, 14.7718584 ] ] ] } },
{ "type": "Feature", "properties": { "osm_id": 12982143, "commune": "Ndiarème Limamoulaye", "departement": "Guédiawaye", "zone_prioritaire": "Guédiawaye", "prioritaire": true, "surface_km2": 1.304, "pct_mer_retire": 60.7, "wikidata": null }, "geometry": { "type": "Polygon", "coordinates": [ [ [ -17.3790193, 14.7759925 ], [ -17.3796791, 14.7757384 ], [ -17.3808271, 14.7754894 ], [ -17.3816907, 14.7753493 ], [ -17.3822165, 14.7751885 ], [ -17.3828548, 14.7749603 ], [ -17.3859997, 14.7770476 ], [ -17.3889866, 14.7792635 ], [ -17.3913298, 14.7830977 ], [ -17.3924627, 14.7849649 ], [ -17.3925151, 14.7850751 ], [ -17.392691, 14.7854454 ], [ -17.3929998, 14.786095 ], [ -17.3927736, 14.7861874 ], [ -17.3925617, 14.7862963 ], [ -17.3923579, 14.7864052 ], [ -17.3920494, 14.7865556 ], [ -17.3917812, 14.7866853 ], [ -17.3915452, 14.786789 ], [ -17.3911509, 14.7869213 ], [ -17.3904803, 14.787121 ], [ -17.3898581, 14.7873544 ], [ -17.3895684, 14.7874789 ], [ -17.3893726, 14.7875878 ], [ -17.3890722, 14.7877253 ], [ -17.38893, 14.7877745 ], [ -17.3887315, 14.7878523 ], [ -17.388576, 14.787899 ], [ -17.3883024, 14.7880079 ], [ -17.3880476, 14.7881117 ], [ -17.3879215, 14.7881791 ], [ -17.387487, 14.7884488 ], [ -17.3872215, 14.7885785 ], [ -17.3865536, 14.7887833 ], [ -17.3859447, 14.7890038 ], [ -17.3854941, 14.7891879 ], [ -17.3848853, 14.7894498 ], [ -17.384592306811637, 14.789581549548613 ], [ -17.3841062, 14.7884859 ], [ -17.3831391, 14.786719 ], [ -17.3819161, 14.7846028 ], [ -17.3828495, 14.7840738 ], [ -17.3783433, 14.7764179 ], [ -17.3790193, 14.7759925 ] ] ] } },
{ "type": "Feature", "properties": { "osm_id": 12982142, "commune": "Sam Notaire", "departement": "Guédiawaye", "zone_prioritaire": "Guédiawaye", "prioritaire": true, "surface_km2": 2.706, "pct_mer_retire": 43.8, "wikidata": null }, "geometry": { "type": "Polygon", "coordinates": [ [ [ -17.392691, 14.7854454 ], [ -17.3925151, 14.7850751 ], [ -17.3924627, 14.7849649 ], [ -17.3913298, 14.7830977 ], [ -17.3889866, 14.7792635 ], [ -17.3859997, 14.7770476 ], [ -17.3828548, 14.7749603 ], [ -17.3838097, 14.7737569 ], [ -17.3849148, 14.7722423 ], [ -17.3856229, 14.7713138 ], [ -17.385757, 14.7711789 ], [ -17.3858669, 14.7711763 ], [ -17.3863551, 14.771542 ], [ -17.3870444, 14.7705617 ], [ -17.3874575, 14.7700066 ], [ -17.3878115, 14.7696798 ], [ -17.3880744, 14.7695502 ], [ -17.3908649, 14.7696228 ], [ -17.3935944, 14.7699713 ], [ -17.3945471, 14.7697224 ], [ -17.3952423, 14.7692742 ], [ -17.3965298, 14.7678052 ], [ -17.397328, 14.7664357 ], [ -17.398564, 14.7667096 ], [ -17.3991304, 14.7666349 ], [ -17.3991562, 14.7675064 ], [ -17.4001604, 14.7690252 ], [ -17.4013964, 14.7700709 ], [ -17.4024373, 14.77294 ], [ -17.4031945, 14.7751565 ], [ -17.4011069, 14.7756117 ], [ -17.4019051, 14.7801238 ], [ -17.402369472154664, 14.782584146586876 ], [ -17.4020568, 14.7826733 ], [ -17.4015042, 14.7828341 ], [ -17.4012896, 14.7828938 ], [ -17.4010992, 14.7829249 ], [ -17.4008524, 14.7830182 ], [ -17.4006781, 14.7830805 ], [ -17.4004903, 14.7831531 ], [ -17.4002382, 14.7832542 ], [ -17.3998144, 14.7833995 ], [ -17.3995006, 14.7835084 ], [ -17.3992109, 14.7836277 ], [ -17.3989266, 14.7837444 ], [ -17.3986369, 14.7838637 ], [ -17.3983392, 14.7839908 ], [ -17.3980147, 14.7841023 ], [ -17.3977894, 14.7841749 ], [ -17.3975185, 14.7842838 ], [ -17.39721, 14.7844187 ], [ -17.3969713, 14.7845354 ], [ -17.3966789, 14.7846754 ], [ -17.3961988, 14.7848985 ], [ -17.3957241, 14.7851007 ], [ -17.3954022, 14.7852071 ], [ -17.3951501, 14.7852875 ], [ -17.3948899, 14.7853808 ], [ -17.394619, 14.7854742 ], [ -17.3943025, 14.7855676 ], [ -17.3938197, 14.7857439 ], [ -17.3933074, 14.7859618 ], [ -17.3930848, 14.7860603 ], [ -17.3929998, 14.786095 ], [ -17.392691, 14.7854454 ] ] ] } },
{ "type": "Feature", "properties": { "osm_id": 12982141, "commune": "Wakhinane Nimzatt", "departement": "Guédiawaye", "zone_prioritaire": "Guédiawaye", "prioritaire": true, "surface_km2": 4.35, "pct_mer_retire": 54.1, "wikidata": null }, "geometry": { "type": "Polygon", "coordinates": [ [ [ -17.3828495, 14.7840738 ], [ -17.3819161, 14.7846028 ], [ -17.3831391, 14.786719 ], [ -17.3841062, 14.7884859 ], [ -17.384592306811637, 14.789581549548613 ], [ -17.3844641, 14.7896392 ], [ -17.3839223, 14.7899218 ], [ -17.3832572, 14.7902123 ], [ -17.3829728, 14.7903264 ], [ -17.3827556, 14.7904094 ], [ -17.3822674, 14.7906013 ], [ -17.3819697, 14.7907154 ], [ -17.3816612, 14.7908062 ], [ -17.3812884, 14.7909514 ], [ -17.3811141, 14.7910318 ], [ -17.3809505, 14.7911277 ], [ -17.3807198, 14.7912652 ], [ -17.3805133, 14.7913689 ], [ -17.3803389, 14.7914752 ], [ -17.3802531, 14.7915245 ], [ -17.3801538, 14.7915712 ], [ -17.3799473, 14.791636 ], [ -17.3797569, 14.7916931 ], [ -17.3796523, 14.7917346 ], [ -17.3795396, 14.7917864 ], [ -17.3792124, 14.7919031 ], [ -17.3790756, 14.7919498 ], [ -17.3789066, 14.7920224 ], [ -17.3787779, 14.7920924 ], [ -17.3786384, 14.7921573 ], [ -17.3784909, 14.7922195 ], [ -17.3784104, 14.792248 ], [ -17.3783299, 14.7922766 ], [ -17.3780966, 14.7923518 ], [ -17.3777103, 14.7925255 ], [ -17.3775414, 14.7925826 ], [ -17.377406, 14.79264 ], [ -17.3771498, 14.7927226 ], [ -17.3769486, 14.7927667 ], [ -17.3766992, 14.7928212 ], [ -17.3763961, 14.7929249 ], [ -17.3758033, 14.7931609 ], [ -17.3750308, 14.7934384 ], [ -17.3739418, 14.7939311 ], [ -17.3732927, 14.7941904 ], [ -17.3726168, 14.7944264 ], [ -17.3719436, 14.7946365 ], [ -17.3714045, 14.7948232 ], [ -17.371155, 14.7949373 ], [ -17.3709163, 14.795111 ], [ -17.3707044, 14.7953367 ], [ -17.3704684, 14.7954637 ], [ -17.3699534, 14.7956167 ], [ -17.3694867, 14.7957101 ], [ -17.369087, 14.795806 ], [ -17.3687115, 14.7959253 ], [ -17.3684138, 14.7960317 ], [ -17.3682261, 14.7961017 ], [ -17.3680222, 14.7961847 ], [ -17.3678452, 14.7962521 ], [ -17.3676521, 14.7963117 ], [ -17.3674804, 14.7963843 ], [ -17.3673517, 14.7964466 ], [ -17.3672417, 14.7964933 ], [ -17.3671398, 14.7965425 ], [ -17.3670566, 14.7965762 ], [ -17.366952, 14.7966177 ], [ -17.3666731, 14.7967059 ], [ -17.3663458, 14.7968278 ], [ -17.3661098, 14.7968952 ], [ -17.3659328, 14.7969652 ], [ -17.3657987, 14.7970171 ], [ -17.3655841, 14.7970871 ], [ -17.3653963, 14.7971649 ], [ -17.3651871, 14.7972427 ], [ -17.3650208, 14.7973283 ], [ -17.3648331, 14.7974139 ], [ -17.3646078, 14.7974994 ], [ -17.3642617, 14.7976265 ], [ -17.3639399, 14.7977432 ], [ -17.3631969, 14.7980259 ], [ -17.3628107, 14.7981944 ], [ -17.362403, 14.7983371 ], [ -17.362203547119179, 14.798394284356419 ], [ -17.359596, 14.79254 ], [ -17.3606796, 14.7906884 ], [ -17.3627396, 14.7896096 ], [ -17.3621468, 14.7881184 ], [ -17.3621173, 14.7869462 ], [ -17.362473, 14.7861277 ], [ -17.3641923, 14.7835524 ], [ -17.3657681, 14.7810913 ], [ -17.3648676, 14.7805239 ], [ -17.3650982, 14.7802957 ], [ -17.3646208, 14.7797822 ], [ -17.3647804, 14.7793173 ], [ -17.3648411, 14.7785964 ], [ -17.364743, 14.778332 ], [ -17.3643777, 14.7781607 ], [ -17.3643537, 14.7775923 ], [ -17.3642024, 14.7775726 ], [ -17.3642067, 14.7770268 ], [ -17.3647361, 14.7771206 ], [ -17.3649742, 14.7762482 ], [ -17.3653882, 14.7755723 ], [ -17.3665326, 14.7744182 ], [ -17.3667884, 14.7738451 ], [ -17.3673034, 14.7734924 ], [ -17.3675501, 14.7734509 ], [ -17.3676252, 14.7732434 ], [ -17.3677003, 14.7729529 ], [ -17.3687196, 14.7727869 ], [ -17.3685908, 14.7720192 ], [ -17.3690522, 14.7720711 ], [ -17.3695672, 14.7722267 ], [ -17.3696423, 14.7717391 ], [ -17.3698032, 14.7717184 ], [ -17.3702324, 14.771791 ], [ -17.369535, 14.7730152 ], [ -17.3697174, 14.7732434 ], [ -17.3702753, 14.773897 ], [ -17.3717022, 14.7754116 ], [ -17.3724318, 14.7761741 ], [ -17.3730916, 14.7763089 ], [ -17.3737782, 14.7764127 ], [ -17.3751462, 14.776615 ], [ -17.3763438, 14.776803 ], [ -17.3770277, 14.7768186 ], [ -17.3778391, 14.7766176 ], [ -17.3783433, 14.7764179 ], [ -17.3828495, 14.7840738 ] ] ] } },
{ "type": "Feature", "properties": { "osm_id": 12982160, "commune": "Jaxaay - Parcelles", "departement": "Keur Massar", "zone_prioritaire": null, "prioritaire": false, "surface_km2": 6.705, "pct_mer_retire": 0.0, "wikidata": "Q16645100" }, "geometry": { "type": "Polygon", "coordinates": [ [ [ -17.2975337, 14.752582 ], [ -17.2998643, 14.7537368 ], [ -17.3014232, 14.7544343 ], [ -17.299275, 14.7577556 ], [ -17.2990151, 14.7598913 ], [ -17.2998379, 14.7602053 ], [ -17.2965251, 14.7663401 ], [ -17.2974345, 14.7667588 ], [ -17.2979109, 14.7672613 ], [ -17.2978243, 14.7688525 ], [ -17.2984191, 14.7694966 ], [ -17.2983463, 14.7721726 ], [ -17.2971264, 14.7737923 ], [ -17.2953056, 14.7737043 ], [ -17.2951054, 14.7753416 ], [ -17.2940493, 14.7776127 ], [ -17.2925017, 14.7780528 ], [ -17.292265, 14.7796197 ], [ -17.2930661, 14.7806056 ], [ -17.2933017, 14.7807708 ], [ -17.2930655, 14.7809326 ], [ -17.2920221, 14.7809203 ], [ -17.2896045, 14.7795915 ], [ -17.2895663, 14.7802313 ], [ -17.2891846, 14.7801698 ], [ -17.2862707, 14.778718 ], [ -17.2829241, 14.7768355 ], [ -17.2741847, 14.77199 ], [ -17.2704539, 14.7701271 ], [ -17.2698977, 14.7692098 ], [ -17.2797779, 14.7621198 ], [ -17.2770485, 14.7582853 ], [ -17.2847657, 14.7532474 ], [ -17.2857132, 14.7500593 ], [ -17.2870779, 14.7494119 ], [ -17.2882624, 14.747868 ], [ -17.2975337, 14.752582 ] ] ] } },
{ "type": "Feature", "properties": { "osm_id": 12982149, "commune": "Keur Massar Nord", "departement": "Keur Massar", "zone_prioritaire": null, "prioritaire": false, "surface_km2": 13.187, "pct_mer_retire": -0.0, "wikidata": null }, "geometry": { "type": "Polygon", "coordinates": [ [ [ -17.2972774, 14.8107958 ], [ -17.2964325, 14.8095122 ], [ -17.2951102, 14.8089029 ], [ -17.2947132, 14.8075959 ], [ -17.2955769, 14.8072925 ], [ -17.2956412, 14.8072796 ], [ -17.2956654, 14.8072614 ], [ -17.295998, 14.8071006 ], [ -17.2958263, 14.8066391 ], [ -17.2953998, 14.8054955 ], [ -17.2951048, 14.8046942 ], [ -17.2948124, 14.8038955 ], [ -17.2947588, 14.8037529 ], [ -17.294504, 14.8029931 ], [ -17.2940695, 14.8017043 ], [ -17.2931522, 14.7991344 ], [ -17.2914275, 14.7997334 ], [ -17.291162, 14.799513 ], [ -17.2908615, 14.7992563 ], [ -17.2907301, 14.7991577 ], [ -17.2906175, 14.7990721 ], [ -17.2904565, 14.7989658 ], [ -17.2901534, 14.7987195 ], [ -17.2898906, 14.7984705 ], [ -17.2895044, 14.7981204 ], [ -17.2892603, 14.797887 ], [ -17.2892066, 14.7978507 ], [ -17.2882062, 14.7974202 ], [ -17.2888177, 14.796676 ], [ -17.2891181, 14.7963129 ], [ -17.2891396, 14.7962896 ], [ -17.2891476, 14.7962637 ], [ -17.2907932, 14.7932178 ], [ -17.290989, 14.7931712 ], [ -17.2919009, 14.7935161 ], [ -17.2925393, 14.7937702 ], [ -17.2927646, 14.7938869 ], [ -17.2928933, 14.7942007 ], [ -17.2931642, 14.7945067 ], [ -17.2932286, 14.794613 ], [ -17.2932661, 14.7945793 ], [ -17.2933278, 14.7945664 ], [ -17.2934405, 14.7945326 ], [ -17.2936041, 14.7944782 ], [ -17.2936953, 14.7944367 ], [ -17.2938777, 14.7943226 ], [ -17.2939447, 14.7942655 ], [ -17.2941003, 14.7941462 ], [ -17.2942103, 14.794071 ], [ -17.2942854, 14.7940244 ], [ -17.2945214, 14.7938428 ], [ -17.2945885, 14.7932075 ], [ -17.2948996, 14.7932256 ], [ -17.2949506, 14.7926784 ], [ -17.2949854, 14.7921416 ], [ -17.2949559, 14.7920742 ], [ -17.2951732, 14.791374 ], [ -17.2958438, 14.790666 ], [ -17.2961871, 14.7903107 ], [ -17.2965733, 14.7900047 ], [ -17.296635, 14.7896909 ], [ -17.2966618, 14.7893953 ], [ -17.296694, 14.7890063 ], [ -17.2959376, 14.788874 ], [ -17.2953502, 14.7880104 ], [ -17.2942478, 14.7874321 ], [ -17.2945761, 14.7863439 ], [ -17.2966291, 14.7864005 ], [ -17.2981226, 14.7863258 ], [ -17.2995388, 14.7859274 ], [ -17.3010322, 14.7854793 ], [ -17.3025514, 14.7850809 ], [ -17.3030407, 14.7850809 ], [ -17.3037359, 14.7850809 ], [ -17.3053066, 14.7824917 ], [ -17.3037874, 14.7817697 ], [ -17.3042251, 14.7809232 ], [ -17.3081655, 14.7749268 ], [ -17.3099151, 14.7759399 ], [ -17.3103528, 14.776637 ], [ -17.3103528, 14.7769358 ], [ -17.3109193, 14.777608 ], [ -17.3115631, 14.7779566 ], [ -17.3125158, 14.7799235 ], [ -17.312902, 14.7800978 ], [ -17.3168015, 14.7731855 ], [ -17.3186391, 14.770441 ], [ -17.318986, 14.7705571 ], [ -17.3195908, 14.7704979 ], [ -17.3201332, 14.7704978 ], [ -17.3236351, 14.7703982 ], [ -17.3262872, 14.7702737 ], [ -17.3277549, 14.7702986 ], [ -17.3289651, 14.7696014 ], [ -17.3309478, 14.7686055 ], [ -17.3328018, 14.7667879 ], [ -17.3342695, 14.7650699 ], [ -17.3351192, 14.7636008 ], [ -17.3378486, 14.7635759 ], [ -17.3427149, 14.7635063 ], [ -17.3425899, 14.7659128 ], [ -17.3424869, 14.7658879 ], [ -17.3423236, 14.7666394 ], [ -17.3414593, 14.7686475 ], [ -17.3416584, 14.7687351 ], [ -17.3398271, 14.7721537 ], [ -17.3379087, 14.775582 ], [ -17.3365649, 14.777745 ], [ -17.3365837, 14.777828 ], [ -17.3360714, 14.7786009 ], [ -17.3358179, 14.7784362 ], [ -17.3354209, 14.7790016 ], [ -17.3356275, 14.7791364 ], [ -17.3337365, 14.781914 ], [ -17.3334763, 14.7821578 ], [ -17.3329455, 14.7822154 ], [ -17.3306796, 14.7860993 ], [ -17.3292891, 14.7883649 ], [ -17.3275628, 14.7912426 ], [ -17.326963, 14.7920198 ], [ -17.326363, 14.792666 ], [ -17.3259866, 14.7931246 ], [ -17.3256815, 14.7936095 ], [ -17.3249728, 14.7941567 ], [ -17.3234635, 14.7948086 ], [ -17.3190218, 14.7974354 ], [ -17.3165376, 14.7998398 ], [ -17.3152556, 14.8022875 ], [ -17.3141367, 14.8072213 ], [ -17.3125522, 14.8074097 ], [ -17.309076, 14.8072354 ], [ -17.3077097, 14.8072447 ], [ -17.3066055, 14.806847 ], [ -17.3053713, 14.8084588 ], [ -17.3041154, 14.8103428 ], [ -17.3008459, 14.8120174 ], [ -17.2981867, 14.8121598 ], [ -17.2972774, 14.8107958 ] ] ] } },
{ "type": "Feature", "properties": { "osm_id": 13067451, "commune": "Keur Massar Sud", "departement": "Keur Massar", "zone_prioritaire": null, "prioritaire": false, "surface_km2": 5.253, "pct_mer_retire": -0.0, "wikidata": null }, "geometry": { "type": "Polygon", "coordinates": [ [ [ -17.2930661, 14.7806056 ], [ -17.292265, 14.7796197 ], [ -17.2925017, 14.7780528 ], [ -17.2940493, 14.7776127 ], [ -17.2951054, 14.7753416 ], [ -17.2953056, 14.7737043 ], [ -17.2971264, 14.7737923 ], [ -17.2983463, 14.7721726 ], [ -17.2984191, 14.7694966 ], [ -17.2978243, 14.7688525 ], [ -17.2979109, 14.7672613 ], [ -17.2974345, 14.7667588 ], [ -17.2965251, 14.7663401 ], [ -17.2998379, 14.7602053 ], [ -17.2990151, 14.7598913 ], [ -17.299275, 14.7577556 ], [ -17.3014232, 14.7544343 ], [ -17.3064213, 14.7562909 ], [ -17.3106956, 14.7577599 ], [ -17.3096142, 14.7623166 ], [ -17.3098974, 14.7627398 ], [ -17.3115437, 14.7639498 ], [ -17.3126523, 14.7648911 ], [ -17.3144367, 14.7667222 ], [ -17.3158204, 14.7679898 ], [ -17.3169115, 14.7687583 ], [ -17.3170492, 14.7691507 ], [ -17.3177612, 14.7696688 ], [ -17.3186391, 14.770441 ], [ -17.3168015, 14.7731855 ], [ -17.312902, 14.7800978 ], [ -17.3125158, 14.7799235 ], [ -17.3115631, 14.7779566 ], [ -17.3109193, 14.777608 ], [ -17.3103528, 14.7769358 ], [ -17.3103528, 14.776637 ], [ -17.3099151, 14.7759399 ], [ -17.3081655, 14.7749268 ], [ -17.3042251, 14.7809232 ], [ -17.3037874, 14.7817697 ], [ -17.3053066, 14.7824917 ], [ -17.3037359, 14.7850809 ], [ -17.3030407, 14.7850809 ], [ -17.3025514, 14.7850809 ], [ -17.3010322, 14.7854793 ], [ -17.2995388, 14.7859274 ], [ -17.2981226, 14.7863258 ], [ -17.2966291, 14.7864005 ], [ -17.2945761, 14.7863439 ], [ -17.2925299, 14.7863714 ], [ -17.2926109, 14.7820668 ], [ -17.2934667, 14.782102 ], [ -17.2946866, 14.7827534 ], [ -17.295251, 14.7821372 ], [ -17.2933017, 14.7807708 ], [ -17.2930661, 14.7806056 ] ] ] } },
{ "type": "Feature", "properties": { "osm_id": 12982148, "commune": "Malika", "departement": "Keur Massar", "zone_prioritaire": null, "prioritaire": false, "surface_km2": 10.86, "pct_mer_retire": 50.3, "wikidata": null }, "geometry": { "type": "Polygon", "coordinates": [ [ [ -17.3292891, 14.7883649 ], [ -17.3306796, 14.7860993 ], [ -17.3329455, 14.7822154 ], [ -17.3334763, 14.7821578 ], [ -17.3374366, 14.7822499 ], [ -17.3395234, 14.7856731 ], [ -17.3414951, 14.7840785 ], [ -17.3422798, 14.7832071 ], [ -17.3436985, 14.7843557 ], [ -17.3446066, 14.7850007 ], [ -17.3453796, 14.7859872 ], [ -17.3471401, 14.7868565 ], [ -17.3470255, 14.7869414 ], [ -17.3471288, 14.7873096 ], [ -17.3471141, 14.7876932 ], [ -17.3469476, 14.7881393 ], [ -17.3464343, 14.7891599 ], [ -17.3456093, 14.7903697 ], [ -17.3455329, 14.7907963 ], [ -17.3460344, 14.7909675 ], [ -17.3470523, 14.7910959 ], [ -17.3476532, 14.7914071 ], [ -17.3497024, 14.7919517 ], [ -17.3508423, 14.7927426 ], [ -17.3504748, 14.7933884 ], [ -17.351022, 14.7943479 ], [ -17.35114, 14.7949016 ], [ -17.3512875, 14.7951116 ], [ -17.354262988013982, 14.801358346971229 ], [ -17.3540613, 14.8014126 ], [ -17.3538843, 14.8014697 ], [ -17.3537099, 14.8015215 ], [ -17.3534095, 14.8016253 ], [ -17.3532593, 14.8016901 ], [ -17.3531815, 14.8017264 ], [ -17.352975, 14.801799 ], [ -17.3525968, 14.8019624 ], [ -17.352401, 14.8020428 ], [ -17.3522294, 14.8021258 ], [ -17.3519826, 14.8022217 ], [ -17.3517868, 14.8023073 ], [ -17.3516554, 14.8023747 ], [ -17.3514167, 14.8025018 ], [ -17.3512933, 14.8025977 ], [ -17.3511243, 14.8027092 ], [ -17.3509473, 14.8027792 ], [ -17.3507246, 14.8028441 ], [ -17.3504216, 14.8028856 ], [ -17.3502097, 14.8029322 ], [ -17.350089, 14.8029893 ], [ -17.3499817, 14.8030567 ], [ -17.3498824, 14.8031086 ], [ -17.3497725, 14.803163 ], [ -17.3495391, 14.8032434 ], [ -17.3493809, 14.8033108 ], [ -17.3492011, 14.8033653 ], [ -17.348839, 14.8035001 ], [ -17.3486137, 14.8036168 ], [ -17.3484394, 14.8036791 ], [ -17.347919, 14.8038476 ], [ -17.3475301, 14.8039591 ], [ -17.3473343, 14.804024 ], [ -17.3471949, 14.8040784 ], [ -17.3470983, 14.8041121 ], [ -17.3469186, 14.8042003 ], [ -17.3468167, 14.8042444 ], [ -17.3467013, 14.8043014 ], [ -17.3464894, 14.804387 ], [ -17.34635, 14.8044596 ], [ -17.3462078, 14.8045089 ], [ -17.3461032, 14.804553 ], [ -17.345953, 14.8046048 ], [ -17.3456928, 14.8047163 ], [ -17.3455533, 14.8047941 ], [ -17.3454407, 14.8048408 ], [ -17.3453414, 14.8048745 ], [ -17.345202, 14.8049471 ], [ -17.3450786, 14.8049964 ], [ -17.3448318, 14.8050975 ], [ -17.3445234, 14.8052116 ], [ -17.3442471, 14.8053102 ], [ -17.3440191, 14.8053802 ], [ -17.3437724, 14.8054502 ], [ -17.3434612, 14.8055721 ], [ -17.3432869, 14.8056317 ], [ -17.3431474, 14.8056836 ], [ -17.3430321, 14.8057199 ], [ -17.3429221, 14.8057562 ], [ -17.3426821, 14.8058292 ], [ -17.3424407, 14.8059278 ], [ -17.3423334, 14.80599 ], [ -17.3421899, 14.8060752 ], [ -17.3420048, 14.8061555 ], [ -17.3418438, 14.8062359 ], [ -17.3417473, 14.8062852 ], [ -17.3416534, 14.8063241 ], [ -17.3415515, 14.8063708 ], [ -17.3414174, 14.806433 ], [ -17.3411867, 14.8065108 ], [ -17.3409829, 14.8066042 ], [ -17.3405108, 14.8068012 ], [ -17.3398402, 14.807058 ], [ -17.3390007, 14.8074495 ], [ -17.3382577, 14.80781 ], [ -17.3379815, 14.8079137 ], [ -17.3373351, 14.8080589 ], [ -17.3368228, 14.8081834 ], [ -17.3363909, 14.8083312 ], [ -17.3360208, 14.808536 ], [ -17.3357391, 14.8086813 ], [ -17.3347548, 14.8091065 ], [ -17.3333144, 14.8096251 ], [ -17.3322201, 14.8100219 ], [ -17.3307046, 14.8106365 ], [ -17.3292884, 14.8112484 ], [ -17.3280037, 14.8117593 ], [ -17.3250693, 14.8129676 ], [ -17.3162395, 14.8167794 ], [ -17.3097968, 14.8196317 ], [ -17.3048937, 14.8220017 ], [ -17.303860228932901, 14.822484937607673 ], [ -17.3034066, 14.8208046 ], [ -17.3034143, 14.8207998 ], [ -17.3035511, 14.8207453 ], [ -17.3032721, 14.8201541 ], [ -17.3031729, 14.8200322 ], [ -17.3029744, 14.8193529 ], [ -17.3021939, 14.8189276 ], [ -17.3020812, 14.8188706 ], [ -17.3020303, 14.8188317 ], [ -17.300539, 14.8175844 ], [ -17.2998684, 14.816848 ], [ -17.2995358, 14.8157512 ], [ -17.299289, 14.8149292 ], [ -17.2989591, 14.8138531 ], [ -17.2986614, 14.8128755 ], [ -17.2981867, 14.8121598 ], [ -17.3008459, 14.8120174 ], [ -17.3041154, 14.8103428 ], [ -17.3053713, 14.8084588 ], [ -17.3066055, 14.806847 ], [ -17.3077097, 14.8072447 ], [ -17.309076, 14.8072354 ], [ -17.3125522, 14.8074097 ], [ -17.3141367, 14.8072213 ], [ -17.3152556, 14.8022875 ], [ -17.3165376, 14.7998398 ], [ -17.3190218, 14.7974354 ], [ -17.3234635, 14.7948086 ], [ -17.3249728, 14.7941567 ], [ -17.3256815, 14.7936095 ], [ -17.3259866, 14.7931246 ], [ -17.326363, 14.792666 ], [ -17.326963, 14.7920198 ], [ -17.3275628, 14.7912426 ], [ -17.3292891, 14.7883649 ] ] ] } },
{ "type": "Feature", "properties": { "osm_id": 12982147, "commune": "Yeumbeul Nord", "departement": "Keur Massar", "zone_prioritaire": "Yeumbeul", "prioritaire": true, "surface_km2": 7.052, "pct_mer_retire": 19.2, "wikidata": null }, "geometry": { "type": "Polygon", "coordinates": [ [ [ -17.3485504, 14.7686015 ], [ -17.3528972, 14.7700107 ], [ -17.3529398, 14.7700246 ], [ -17.3530089, 14.770047 ], [ -17.3572903, 14.771435 ], [ -17.3605492, 14.7724283 ], [ -17.3614022, 14.7726176 ], [ -17.3623624, 14.7717099 ], [ -17.3624616, 14.771837 ], [ -17.3624294, 14.7718837 ], [ -17.3626896, 14.7720548 ], [ -17.3626635, 14.7720983 ], [ -17.363562, 14.7730786 ], [ -17.3645048, 14.7718143 ], [ -17.3666988, 14.7727013 ], [ -17.3665326, 14.7744182 ], [ -17.3653882, 14.7755723 ], [ -17.3649742, 14.7762482 ], [ -17.3647361, 14.7771206 ], [ -17.3642067, 14.7770268 ], [ -17.3642024, 14.7775726 ], [ -17.3643537, 14.7775923 ], [ -17.3643777, 14.7781607 ], [ -17.364743, 14.778332 ], [ -17.3648411, 14.7785964 ], [ -17.3647804, 14.7793173 ], [ -17.3646208, 14.7797822 ], [ -17.3650982, 14.7802957 ], [ -17.3648676, 14.7805239 ], [ -17.3657681, 14.7810913 ], [ -17.3641923, 14.7835524 ], [ -17.362473, 14.7861277 ], [ -17.3621173, 14.7869462 ], [ -17.3621468, 14.7881184 ], [ -17.3627396, 14.7896096 ], [ -17.3606796, 14.7906884 ], [ -17.359596, 14.79254 ], [ -17.362203547119179, 14.798394284356419 ], [ -17.3620141, 14.7984486 ], [ -17.3617539, 14.7985523 ], [ -17.3615259, 14.7986534 ], [ -17.3613301, 14.7987468 ], [ -17.3611289, 14.7988531 ], [ -17.3609304, 14.7989517 ], [ -17.3608071, 14.7989776 ], [ -17.3605227, 14.798975 ], [ -17.3603135, 14.7990061 ], [ -17.3600855, 14.7990969 ], [ -17.3599139, 14.7991669 ], [ -17.3597449, 14.7992525 ], [ -17.3595759, 14.7993484 ], [ -17.3593989, 14.7994833 ], [ -17.3592192, 14.7996052 ], [ -17.3589966, 14.7996752 ], [ -17.3587337, 14.7996907 ], [ -17.3585621, 14.79967 ], [ -17.3584011, 14.7996933 ], [ -17.3581517, 14.799753 ], [ -17.3579371, 14.7998385 ], [ -17.3577359, 14.7999267 ], [ -17.3576072, 14.7999993 ], [ -17.3573792, 14.8001471 ], [ -17.3571217, 14.800352 ], [ -17.3569232, 14.8004946 ], [ -17.356706, 14.8006061 ], [ -17.3561803, 14.8006839 ], [ -17.3559335, 14.8007488 ], [ -17.3557887, 14.800798 ], [ -17.3556492, 14.8008369 ], [ -17.3554829, 14.800881 ], [ -17.3551878, 14.8009847 ], [ -17.3550296, 14.8010392 ], [ -17.3548713, 14.8011222 ], [ -17.3547587, 14.8011689 ], [ -17.354587, 14.8012207 ], [ -17.3544073, 14.8013011 ], [ -17.3542732, 14.8013556 ], [ -17.354262988013982, 14.801358346971229 ], [ -17.3512875, 14.7951116 ], [ -17.35114, 14.7949016 ], [ -17.351022, 14.7943479 ], [ -17.3504748, 14.7933884 ], [ -17.3508423, 14.7927426 ], [ -17.3497024, 14.7919517 ], [ -17.3476532, 14.7914071 ], [ -17.3470523, 14.7910959 ], [ -17.3460344, 14.7909675 ], [ -17.3455329, 14.7907963 ], [ -17.3456093, 14.7903697 ], [ -17.3464343, 14.7891599 ], [ -17.3469476, 14.7881393 ], [ -17.3471141, 14.7876932 ], [ -17.3471288, 14.7873096 ], [ -17.3470255, 14.7869414 ], [ -17.3471401, 14.7868565 ], [ -17.3453796, 14.7859872 ], [ -17.3446066, 14.7850007 ], [ -17.3436985, 14.7843557 ], [ -17.3422798, 14.7832071 ], [ -17.3414951, 14.7840785 ], [ -17.3395234, 14.7856731 ], [ -17.3374366, 14.7822499 ], [ -17.3334763, 14.7821578 ], [ -17.3337365, 14.781914 ], [ -17.3356275, 14.7791364 ], [ -17.3354209, 14.7790016 ], [ -17.3358179, 14.7784362 ], [ -17.3360714, 14.7786009 ], [ -17.3365837, 14.777828 ], [ -17.3365649, 14.777745 ], [ -17.3379087, 14.775582 ], [ -17.3398271, 14.7721537 ], [ -17.3416584, 14.7687351 ], [ -17.3414593, 14.7686475 ], [ -17.3423236, 14.7666394 ], [ -17.3485504, 14.7686015 ] ] ] } },
{ "type": "Feature", "properties": { "osm_id": 12982150, "commune": "Yeumbeul Sud", "departement": "Keur Massar", "zone_prioritaire": "Yeumbeul", "prioritaire": true, "surface_km2": 2.613, "pct_mer_retire": -0.0, "wikidata": null }, "geometry": { "type": "Polygon", "coordinates": [ [ [ -17.3666988, 14.7727013 ], [ -17.3645048, 14.7718143 ], [ -17.363562, 14.7730786 ], [ -17.3626635, 14.7720983 ], [ -17.3626896, 14.7720548 ], [ -17.3624294, 14.7718837 ], [ -17.3624616, 14.771837 ], [ -17.3623624, 14.7717099 ], [ -17.3614022, 14.7726176 ], [ -17.3605492, 14.7724283 ], [ -17.3572903, 14.771435 ], [ -17.3530089, 14.770047 ], [ -17.3529398, 14.7700246 ], [ -17.3528972, 14.7700107 ], [ -17.3485504, 14.7686015 ], [ -17.3423236, 14.7666394 ], [ -17.3424869, 14.7658879 ], [ -17.3425899, 14.7659128 ], [ -17.3427149, 14.7635063 ], [ -17.3444153, 14.7635397 ], [ -17.3458058, 14.7639132 ], [ -17.3462329, 14.7640775 ], [ -17.3480717, 14.7647847 ], [ -17.3497712, 14.765208 ], [ -17.3510586, 14.7654072 ], [ -17.3523203, 14.7654818 ], [ -17.3571612, 14.7648345 ], [ -17.3644482, 14.7640128 ], [ -17.3692891, 14.7631413 ], [ -17.3696753, 14.7631164 ], [ -17.3698298, 14.7635895 ], [ -17.370422, 14.7640377 ], [ -17.3692844, 14.7651955 ], [ -17.3705705, 14.7658913 ], [ -17.3699581, 14.7664687 ], [ -17.3695141, 14.7672534 ], [ -17.3704786, 14.7680084 ], [ -17.3714585, 14.768645 ], [ -17.3734336, 14.7695333 ], [ -17.3747656, 14.7696666 ], [ -17.3754086, 14.769933 ], [ -17.3768785, 14.7708657 ], [ -17.3782411, 14.771754 ], [ -17.3786788, 14.7719206 ], [ -17.3782039, 14.7730567 ], [ -17.3780966, 14.7734198 ], [ -17.3779464, 14.7738659 ], [ -17.377646, 14.7744053 ], [ -17.3772812, 14.774841 ], [ -17.3770344, 14.7751315 ], [ -17.3767984, 14.7756606 ], [ -17.3765409, 14.7760237 ], [ -17.3763692, 14.7766772 ], [ -17.3763438, 14.776803 ], [ -17.3751462, 14.776615 ], [ -17.3737782, 14.7764127 ], [ -17.3730916, 14.7763089 ], [ -17.3724318, 14.7761741 ], [ -17.3717022, 14.7754116 ], [ -17.3702753, 14.773897 ], [ -17.3697174, 14.7732434 ], [ -17.369535, 14.7730152 ], [ -17.3702324, 14.771791 ], [ -17.3698032, 14.7717184 ], [ -17.3696423, 14.7717391 ], [ -17.3695672, 14.7722267 ], [ -17.3690522, 14.7720711 ], [ -17.3685908, 14.7720192 ], [ -17.3687196, 14.7727869 ], [ -17.3677003, 14.7729529 ], [ -17.3676252, 14.7732434 ], [ -17.3675501, 14.7734509 ], [ -17.3673034, 14.7734924 ], [ -17.3667884, 14.7738451 ], [ -17.3665326, 14.7744182 ], [ -17.3666988, 14.7727013 ] ] ] } },
{ "type": "Feature", "properties": { "osm_id": 12989302, "commune": "Dalifort", "departement": "Pikine", "zone_prioritaire": "Pikine", "prioritaire": true, "surface_km2": 2.449, "pct_mer_retire": -0.0, "wikidata": "Q3012393" }, "geometry": { "type": "Polygon", "coordinates": [ [ [ -17.4158966, 14.7423514 ], [ -17.4223597, 14.7405087 ], [ -17.4233897, 14.7437708 ], [ -17.424171, 14.7441381 ], [ -17.4243981, 14.7447671 ], [ -17.4245815, 14.7452296 ], [ -17.4239235, 14.7454466 ], [ -17.421692, 14.7455548 ], [ -17.4208113, 14.7456443 ], [ -17.4182541, 14.7460006 ], [ -17.414254, 14.7464443 ], [ -17.4137205, 14.7464937 ], [ -17.409642, 14.7467049 ], [ -17.4072933, 14.7467578 ], [ -17.4054725, 14.746793 ], [ -17.4040523, 14.7465289 ], [ -17.4026504, 14.7461239 ], [ -17.4015397, 14.7456485 ], [ -17.3988268, 14.744011 ], [ -17.3980075, 14.7436236 ], [ -17.39788, 14.7419508 ], [ -17.3994276, 14.7404893 ], [ -17.3990453, 14.7394328 ], [ -17.3981535, 14.7379208 ], [ -17.3990613, 14.7377656 ], [ -17.4001752, 14.7375845 ], [ -17.4007277, 14.737469 ], [ -17.4011555, 14.7373977 ], [ -17.4023277, 14.7371227 ], [ -17.4041891, 14.7365624 ], [ -17.4062812, 14.735901 ], [ -17.4075311, 14.7354289 ], [ -17.4099156, 14.7346169 ], [ -17.4106962, 14.7343446 ], [ -17.4121231, 14.7338595 ], [ -17.4124731, 14.7337453 ], [ -17.4128097, 14.7336688 ], [ -17.4158966, 14.7423514 ] ] ] } },
{ "type": "Feature", "properties": { "osm_id": 12989397, "commune": "Diamaguène-Sicap Mbao", "departement": "Pikine", "zone_prioritaire": "Pikine", "prioritaire": true, "surface_km2": 7.486, "pct_mer_retire": 7.3, "wikidata": "Q3026043" }, "geometry": { "type": "Polygon", "coordinates": [ [ [ -17.3458058, 14.7639132 ], [ -17.3444153, 14.7635397 ], [ -17.3427149, 14.7635063 ], [ -17.3422753, 14.7601811 ], [ -17.3427645, 14.7601064 ], [ -17.3425789, 14.7585633 ], [ -17.3411894, 14.7583144 ], [ -17.3416427, 14.7554794 ], [ -17.3436865, 14.7551734 ], [ -17.3434438, 14.7534006 ], [ -17.3431997, 14.7531761 ], [ -17.3412195, 14.7514412 ], [ -17.3406016, 14.7507937 ], [ -17.3405758, 14.7496981 ], [ -17.3382069, 14.7498475 ], [ -17.335323, 14.7499222 ], [ -17.334087, 14.7496234 ], [ -17.3348595, 14.7467598 ], [ -17.3348852, 14.7453405 ], [ -17.3334175, 14.7356039 ], [ -17.3367649, 14.7366249 ], [ -17.3371797, 14.7366105 ], [ -17.3375117, 14.7366 ], [ -17.3390051, 14.7357533 ], [ -17.339497275810611, 14.734230055243284 ], [ -17.3395184, 14.7342369 ], [ -17.3398563, 14.7343368 ], [ -17.3405604, 14.7345573 ], [ -17.3409587, 14.7347051 ], [ -17.3413007, 14.7347868 ], [ -17.3415367, 14.7348219 ], [ -17.3416782, 14.7348251 ], [ -17.3417902, 14.7348115 ], [ -17.3418733, 14.7347583 ], [ -17.3419189, 14.7347129 ], [ -17.3419458, 14.7346481 ], [ -17.3420088, 14.7339821 ], [ -17.341978, 14.7339107 ], [ -17.3419793, 14.7338815 ], [ -17.342043, 14.7338582 ], [ -17.3420772, 14.7338608 ], [ -17.3421194, 14.7338906 ], [ -17.3421355, 14.7339036 ], [ -17.3421248, 14.733936 ], [ -17.3420665, 14.7340002 ], [ -17.342041, 14.734425 ], [ -17.3420504, 14.7344859 ], [ -17.3420919, 14.7345495 ], [ -17.3421979, 14.734613 ], [ -17.342568, 14.7347155 ], [ -17.3428497, 14.7347791 ], [ -17.3434988, 14.7349593 ], [ -17.3461153, 14.735687 ], [ -17.3473665, 14.7360748 ], [ -17.3491314, 14.7365482 ], [ -17.349405, 14.7366013 ], [ -17.3496638, 14.7366078 ], [ -17.3503223, 14.7367505 ], [ -17.350818680635403, 14.736873710967991 ], [ -17.3507159, 14.7372006 ], [ -17.3522609, 14.7480826 ], [ -17.3613811, 14.7468678 ], [ -17.3614669, 14.747846 ], [ -17.3615098, 14.748593 ], [ -17.3619819, 14.7489873 ], [ -17.3631835, 14.7495683 ], [ -17.3626256, 14.7505643 ], [ -17.3621965, 14.7514358 ], [ -17.3640633, 14.7523903 ], [ -17.3636985, 14.7527223 ], [ -17.3645354, 14.7533033 ], [ -17.3653722, 14.7537391 ], [ -17.3661232, 14.7545484 ], [ -17.3665865, 14.7561733 ], [ -17.3707542, 14.7621001 ], [ -17.3707731, 14.7628295 ], [ -17.3696753, 14.7631164 ], [ -17.3692891, 14.7631413 ], [ -17.3644482, 14.7640128 ], [ -17.3571612, 14.7648345 ], [ -17.3523203, 14.7654818 ], [ -17.3510586, 14.7654072 ], [ -17.3497712, 14.765208 ], [ -17.3480717, 14.7647847 ], [ -17.3462329, 14.7640775 ], [ -17.3458058, 14.7639132 ] ] ] } },
{ "type": "Feature", "properties": { "osm_id": 12989308, "commune": "Djidah Thiaroye Kaw", "departement": "Pikine", "zone_prioritaire": "Pikine", "prioritaire": true, "surface_km2": 1.887, "pct_mer_retire": 0.0, "wikidata": "Q3032940" }, "geometry": { "type": "Polygon", "coordinates": [ [ [ -17.3835506, 14.7602699 ], [ -17.3857395, 14.7615635 ], [ -17.387747, 14.7627386 ], [ -17.3913194, 14.7648804 ], [ -17.392525, 14.7652984 ], [ -17.397328, 14.7664357 ], [ -17.3965298, 14.7678052 ], [ -17.3952423, 14.7692742 ], [ -17.3945471, 14.7697224 ], [ -17.3935944, 14.7699713 ], [ -17.3908649, 14.7696228 ], [ -17.3880744, 14.7695502 ], [ -17.3882675, 14.7676413 ], [ -17.3882461, 14.7669773 ], [ -17.3871517, 14.7668736 ], [ -17.3853493, 14.7668943 ], [ -17.3846841, 14.7667491 ], [ -17.3833537, 14.7666453 ], [ -17.3814655, 14.7672263 ], [ -17.3809934, 14.7681393 ], [ -17.3801565, 14.7692597 ], [ -17.3796416, 14.7698614 ], [ -17.3793411, 14.7701934 ], [ -17.3791856, 14.7704009 ], [ -17.3790085, 14.7710337 ], [ -17.3787028, 14.7718584 ], [ -17.3786788, 14.7719206 ], [ -17.3782411, 14.771754 ], [ -17.3768785, 14.7708657 ], [ -17.3754086, 14.769933 ], [ -17.3747656, 14.7696666 ], [ -17.3734336, 14.7695333 ], [ -17.3714585, 14.768645 ], [ -17.3704786, 14.7680084 ], [ -17.3695141, 14.7672534 ], [ -17.3699581, 14.7664687 ], [ -17.3705705, 14.7658913 ], [ -17.3692844, 14.7651955 ], [ -17.370422, 14.7640377 ], [ -17.3716094, 14.7643706 ], [ -17.3720974, 14.7645074 ], [ -17.3723573, 14.7645284 ], [ -17.3728932, 14.764298 ], [ -17.3762276, 14.7625707 ], [ -17.381835, 14.7596402 ], [ -17.3835506, 14.7602699 ] ] ] } },
{ "type": "Feature", "properties": { "osm_id": 12989306, "commune": "Guinaw Rail Nord", "departement": "Pikine", "zone_prioritaire": "Pikine", "prioritaire": true, "surface_km2": 0.653, "pct_mer_retire": 0.0, "wikidata": "Q3120605" }, "geometry": { "type": "Polygon", "coordinates": [ [ [ -17.3791434, 14.7491679 ], [ -17.3794874, 14.7493675 ], [ -17.3798005, 14.7495492 ], [ -17.38083, 14.7499517 ], [ -17.3825384, 14.7502694 ], [ -17.3825384, 14.75046 ], [ -17.3834365, 14.7505235 ], [ -17.3836336, 14.7503541 ], [ -17.3848602, 14.7510107 ], [ -17.3875981, 14.7521757 ], [ -17.387839, 14.7524299 ], [ -17.3886713, 14.7530441 ], [ -17.3874441, 14.7542973 ], [ -17.3857176, 14.7558889 ], [ -17.3841041, 14.7568407 ], [ -17.3824582, 14.7577145 ], [ -17.3812158, 14.7583698 ], [ -17.3786826, 14.752659 ], [ -17.3783437, 14.7520817 ], [ -17.3776015, 14.7513171 ], [ -17.377088, 14.7499003 ], [ -17.3791434, 14.7491679 ] ] ] } },
{ "type": "Feature", "properties": { "osm_id": 12989305, "commune": "Guinaw Rail Sud", "departement": "Pikine", "zone_prioritaire": "Pikine", "prioritaire": true, "surface_km2": 1.356, "pct_mer_retire": -0.0, "wikidata": "Q3120606" }, "geometry": { "type": "Polygon", "coordinates": [ [ [ -17.387839, 14.7524299 ], [ -17.3875981, 14.7521757 ], [ -17.3848602, 14.7510107 ], [ -17.3836336, 14.7503541 ], [ -17.3834365, 14.7505235 ], [ -17.3825384, 14.75046 ], [ -17.3825384, 14.7502694 ], [ -17.38083, 14.7499517 ], [ -17.3798005, 14.7495492 ], [ -17.3794874, 14.7493675 ], [ -17.3791434, 14.7491679 ], [ -17.377088, 14.7499003 ], [ -17.3769035, 14.7494313 ], [ -17.3768521, 14.749091 ], [ -17.3769979, 14.7482734 ], [ -17.3770923, 14.7475679 ], [ -17.3773198, 14.746576 ], [ -17.3776417, 14.7457045 ], [ -17.385409, 14.7439919 ], [ -17.3899326, 14.7432509 ], [ -17.3932027, 14.7429023 ], [ -17.3946704, 14.7430268 ], [ -17.3961345, 14.7437252 ], [ -17.3965278, 14.7437674 ], [ -17.3965278, 14.7439418 ], [ -17.3961415, 14.7445643 ], [ -17.3953175, 14.7457844 ], [ -17.3934893, 14.7478512 ], [ -17.3899102, 14.7518104 ], [ -17.3886713, 14.7530441 ], [ -17.387839, 14.7524299 ] ] ] } },
{ "type": "Feature", "properties": { "osm_id": 12989393, "commune": "Mbao", "departement": "Pikine", "zone_prioritaire": "Pikine", "prioritaire": true, "surface_km2": 13.938, "pct_mer_retire": 9.0, "wikidata": "Q3303488" }, "geometry": { "type": "Polygon", "coordinates": [ [ [ -17.3434438, 14.7534006 ], [ -17.3436865, 14.7551734 ], [ -17.3416427, 14.7554794 ], [ -17.3411894, 14.7583144 ], [ -17.3425789, 14.7585633 ], [ -17.3427645, 14.7601064 ], [ -17.3422753, 14.7601811 ], [ -17.3427149, 14.7635063 ], [ -17.3378486, 14.7635759 ], [ -17.3351192, 14.7636008 ], [ -17.3342695, 14.7650699 ], [ -17.3328018, 14.7667879 ], [ -17.3309478, 14.7686055 ], [ -17.3289651, 14.7696014 ], [ -17.3277549, 14.7702986 ], [ -17.3262872, 14.7702737 ], [ -17.3236351, 14.7703982 ], [ -17.3201332, 14.7704978 ], [ -17.3195908, 14.7704979 ], [ -17.318986, 14.7705571 ], [ -17.3186391, 14.770441 ], [ -17.3177612, 14.7696688 ], [ -17.3170492, 14.7691507 ], [ -17.3169115, 14.7687583 ], [ -17.3158204, 14.7679898 ], [ -17.3144367, 14.7667222 ], [ -17.3126523, 14.7648911 ], [ -17.3115437, 14.7639498 ], [ -17.3098974, 14.7627398 ], [ -17.3096142, 14.7623166 ], [ -17.3106956, 14.7577599 ], [ -17.3064213, 14.7562909 ], [ -17.3014232, 14.7544343 ], [ -17.2998643, 14.7537368 ], [ -17.3004041, 14.7514584 ], [ -17.3028725, 14.7444647 ], [ -17.3035653, 14.7437737 ], [ -17.3051872, 14.7427388 ], [ -17.3056656, 14.7424336 ], [ -17.3150719, 14.7353251 ], [ -17.315818, 14.7310556 ], [ -17.3152516, 14.7277933 ], [ -17.3142988, 14.7261746 ], [ -17.314867505119093, 14.724280279482503 ], [ -17.3150687, 14.7243782 ], [ -17.3161469, 14.7248646 ], [ -17.3174022, 14.7253328 ], [ -17.3179118, 14.7254949 ], [ -17.3185482, 14.7257647 ], [ -17.3199235, 14.7265131 ], [ -17.3210312, 14.7269658 ], [ -17.3230188, 14.7276882 ], [ -17.3241064, 14.7281305 ], [ -17.3251002, 14.7285521 ], [ -17.3265192, 14.7291258 ], [ -17.3266304, 14.7291682 ], [ -17.3267361, 14.729205 ], [ -17.3267581, 14.7292141 ], [ -17.3273881, 14.7294756 ], [ -17.3283899, 14.7299049 ], [ -17.3285387, 14.7299671 ], [ -17.3286071, 14.7299684 ], [ -17.3286648, 14.7299062 ], [ -17.3287815, 14.7298647 ], [ -17.3288794, 14.7298491 ], [ -17.3291919, 14.7300099 ], [ -17.3293059, 14.7301643 ], [ -17.3294467, 14.7302486 ], [ -17.3296666, 14.7303368 ], [ -17.3297404, 14.7303562 ], [ -17.329845, 14.7303478 ], [ -17.3298825, 14.7303374 ], [ -17.3299348, 14.7303537 ], [ -17.3303714, 14.7305955 ], [ -17.3307315, 14.7308543 ], [ -17.3309836, 14.7309555 ], [ -17.3311915, 14.7310411 ], [ -17.3313242, 14.7311669 ], [ -17.3317992, 14.7314364 ], [ -17.3320511, 14.7315793 ], [ -17.333934, 14.7323679 ], [ -17.3364698, 14.733161 ], [ -17.3369459, 14.7333335 ], [ -17.337459, 14.7335194 ], [ -17.33877, 14.7339944 ], [ -17.339497275810611, 14.734230055243284 ], [ -17.3390051, 14.7357533 ], [ -17.3375117, 14.7366 ], [ -17.3371797, 14.7366105 ], [ -17.3367649, 14.7366249 ], [ -17.3334175, 14.7356039 ], [ -17.3348852, 14.7453405 ], [ -17.3348595, 14.7467598 ], [ -17.334087, 14.7496234 ], [ -17.335323, 14.7499222 ], [ -17.3382069, 14.7498475 ], [ -17.3405758, 14.7496981 ], [ -17.3406016, 14.7507937 ], [ -17.3412195, 14.7514412 ], [ -17.3431997, 14.7531761 ], [ -17.3434438, 14.7534006 ] ] ] } },
{ "type": "Feature", "properties": { "osm_id": 12989307, "commune": "Pikine Est", "departement": "Pikine", "zone_prioritaire": "Pikine", "prioritaire": true, "surface_km2": 0.751, "pct_mer_retire": -0.0, "wikidata": "Q3388356" }, "geometry": { "type": "Polygon", "coordinates": [ [ [ -17.387747, 14.7627386 ], [ -17.3857395, 14.7615635 ], [ -17.3835506, 14.7602699 ], [ -17.381835, 14.7596402 ], [ -17.3812158, 14.7583698 ], [ -17.3824582, 14.7577145 ], [ -17.3841041, 14.7568407 ], [ -17.3857176, 14.7558889 ], [ -17.3874441, 14.7542973 ], [ -17.3886713, 14.7530441 ], [ -17.3899102, 14.7518104 ], [ -17.3919701, 14.7533045 ], [ -17.3939005, 14.7546508 ], [ -17.387747, 14.7627386 ] ] ] } },
{ "type": "Feature", "properties": { "osm_id": 12989304, "commune": "Pikine Nord", "departement": "Pikine", "zone_prioritaire": "Pikine", "prioritaire": true, "surface_km2": 1.233, "pct_mer_retire": 0.0, "wikidata": "Q3388355" }, "geometry": { "type": "Polygon", "coordinates": [ [ [ -17.3962188, 14.7562676 ], [ -17.3967595, 14.7565913 ], [ -17.3986649, 14.7566411 ], [ -17.3996434, 14.7569399 ], [ -17.4024758, 14.7595543 ], [ -17.4006991, 14.761372 ], [ -17.4003386, 14.7636378 ], [ -17.4002356, 14.7649077 ], [ -17.3991304, 14.7666349 ], [ -17.398564, 14.7667096 ], [ -17.397328, 14.7664357 ], [ -17.392525, 14.7652984 ], [ -17.3913194, 14.7648804 ], [ -17.387747, 14.7627386 ], [ -17.3939005, 14.7546508 ], [ -17.3962188, 14.7562676 ] ] ] } },
{ "type": "Feature", "properties": { "osm_id": 12989303, "commune": "Pikine Ouest", "departement": "Pikine", "zone_prioritaire": "Pikine", "prioritaire": true, "surface_km2": 5.759, "pct_mer_retire": 0.0, "wikidata": "Q3388357" }, "geometry": { "type": "Polygon", "coordinates": [ [ [ -17.3980075, 14.7436236 ], [ -17.3988268, 14.744011 ], [ -17.4015397, 14.7456485 ], [ -17.4026504, 14.7461239 ], [ -17.4040523, 14.7465289 ], [ -17.4054725, 14.746793 ], [ -17.4072933, 14.7467578 ], [ -17.409642, 14.7467049 ], [ -17.4137205, 14.7464937 ], [ -17.414254, 14.7464443 ], [ -17.4182541, 14.7460006 ], [ -17.4208113, 14.7456443 ], [ -17.4209143, 14.7465905 ], [ -17.4216095, 14.7487818 ], [ -17.421455, 14.749479 ], [ -17.422897, 14.7568744 ], [ -17.4220215, 14.7585178 ], [ -17.4191376, 14.7603604 ], [ -17.4156357, 14.7609081 ], [ -17.4143997, 14.7613812 ], [ -17.4108463, 14.7653153 ], [ -17.4094044, 14.7655145 ], [ -17.406366, 14.7679048 ], [ -17.4046665, 14.7695481 ], [ -17.4027868, 14.7701456 ], [ -17.4013964, 14.7700709 ], [ -17.4001604, 14.7690252 ], [ -17.3991562, 14.7675064 ], [ -17.3991304, 14.7666349 ], [ -17.4002356, 14.7649077 ], [ -17.4003386, 14.7636378 ], [ -17.4006991, 14.761372 ], [ -17.4024758, 14.7595543 ], [ -17.3996434, 14.7569399 ], [ -17.3986649, 14.7566411 ], [ -17.3967595, 14.7565913 ], [ -17.3962188, 14.7562676 ], [ -17.3939005, 14.7546508 ], [ -17.3919701, 14.7533045 ], [ -17.3899102, 14.7518104 ], [ -17.3934893, 14.7478512 ], [ -17.3953175, 14.7457844 ], [ -17.3961415, 14.7445643 ], [ -17.3965278, 14.7439418 ], [ -17.3965278, 14.7437674 ], [ -17.3980075, 14.7436236 ] ] ] } },
{ "type": "Feature", "properties": { "osm_id": 12989396, "commune": "Thiaroye-Gare", "departement": "Pikine", "zone_prioritaire": "Pikine", "prioritaire": true, "surface_km2": 1.586, "pct_mer_retire": 0.0, "wikidata": "Q3523980" }, "geometry": { "type": "Polygon", "coordinates": [ [ [ -17.3776015, 14.7513171 ], [ -17.3783437, 14.7520817 ], [ -17.3786826, 14.752659 ], [ -17.3812158, 14.7583698 ], [ -17.381835, 14.7596402 ], [ -17.3762276, 14.7625707 ], [ -17.3728932, 14.764298 ], [ -17.3723573, 14.7645284 ], [ -17.3720974, 14.7645074 ], [ -17.3716094, 14.7643706 ], [ -17.370422, 14.7640377 ], [ -17.3698298, 14.7635895 ], [ -17.3696753, 14.7631164 ], [ -17.3707731, 14.7628295 ], [ -17.3707542, 14.7621001 ], [ -17.3665865, 14.7561733 ], [ -17.3661232, 14.7545484 ], [ -17.3676896, 14.7540089 ], [ -17.3681617, 14.7539259 ], [ -17.3694277, 14.7532618 ], [ -17.3705435, 14.7527223 ], [ -17.3719383, 14.7520168 ], [ -17.373569, 14.7512698 ], [ -17.3749423, 14.7506266 ], [ -17.377088, 14.7499003 ], [ -17.3776015, 14.7513171 ] ] ] } },
{ "type": "Feature", "properties": { "osm_id": 12989394, "commune": "Thiaroye-sur-Mer", "departement": "Pikine", "zone_prioritaire": "Pikine", "prioritaire": true, "surface_km2": 3.611, "pct_mer_retire": 30.2, "wikidata": "Q2408616" }, "geometry": { "type": "Polygon", "coordinates": [ [ [ -17.3965278, 14.7437674 ], [ -17.3961345, 14.7437252 ], [ -17.3946704, 14.7430268 ], [ -17.3932027, 14.7429023 ], [ -17.3899326, 14.7432509 ], [ -17.385409, 14.7439919 ], [ -17.3776417, 14.7457045 ], [ -17.3757363, 14.7459369 ], [ -17.3737192, 14.7463727 ], [ -17.3685909, 14.7463934 ], [ -17.3656726, 14.7463934 ], [ -17.3635912, 14.7465802 ], [ -17.3619604, 14.7467877 ], [ -17.3613811, 14.7468678 ], [ -17.3522609, 14.7480826 ], [ -17.3507159, 14.7372006 ], [ -17.350818680635403, 14.736873710967991 ], [ -17.3515293, 14.7370501 ], [ -17.3529656, 14.737421 ], [ -17.3535155, 14.7375481 ], [ -17.3552375, 14.7379295 ], [ -17.3558973, 14.7380501 ], [ -17.3577185, 14.7383497 ], [ -17.3581637, 14.7384171 ], [ -17.3593439, 14.7386156 ], [ -17.3610552, 14.7388775 ], [ -17.3615943, 14.738967 ], [ -17.3628938, 14.7391434 ], [ -17.3651281, 14.739395 ], [ -17.3666972, 14.7395585 ], [ -17.3690307, 14.7397232 ], [ -17.3704228, 14.7397971 ], [ -17.3716284, 14.7398386 ], [ -17.3731828, 14.7398645 ], [ -17.3752092, 14.7399359 ], [ -17.377021, 14.7399476 ], [ -17.3813608, 14.7398762 ], [ -17.382932, 14.7397646 ], [ -17.3845111, 14.7396278 ], [ -17.3851515, 14.739576 ], [ -17.3859689, 14.7395046 ], [ -17.3863766, 14.7394703 ], [ -17.3870692, 14.7394203 ], [ -17.3882052, 14.7392893 ], [ -17.3891017, 14.7391817 ], [ -17.3900861, 14.7390423 ], [ -17.3905608, 14.7390273 ], [ -17.3909658, 14.7390293 ], [ -17.3911831, 14.7389995 ], [ -17.39128, 14.7389739 ], [ -17.3913407, 14.7389443 ], [ -17.3913842, 14.7388963 ], [ -17.3916283, 14.7383717 ], [ -17.3918283, 14.7379099 ], [ -17.3918726, 14.7378282 ], [ -17.3919133, 14.737792 ], [ -17.3919569, 14.7377907 ], [ -17.3920058, 14.7378186 ], [ -17.3920052, 14.7378614 ], [ -17.3919624, 14.7379151 ], [ -17.3919079, 14.7379768 ], [ -17.3917638, 14.7383594 ], [ -17.3917671, 14.7384009 ], [ -17.3917826, 14.7384281 ], [ -17.3919214, 14.7384943 ], [ -17.3920548, 14.738565 ], [ -17.3921755, 14.7386116 ], [ -17.392441, 14.7386674 ], [ -17.3928233, 14.7386493 ], [ -17.3959641, 14.73822 ], [ -17.3970786, 14.738081 ], [ -17.3975801, 14.7380189 ], [ -17.3981535, 14.7379208 ], [ -17.3990453, 14.7394328 ], [ -17.3994276, 14.7404893 ], [ -17.39788, 14.7419508 ], [ -17.3980075, 14.7436236 ], [ -17.3965278, 14.7437674 ] ] ] } },
{ "type": "Feature", "properties": { "osm_id": 12989395, "commune": "Tivaouane Diacksao", "departement": "Pikine", "zone_prioritaire": "Pikine", "prioritaire": true, "surface_km2": 1.079, "pct_mer_retire": -0.0, "wikidata": "Q3529952" }, "geometry": { "type": "Polygon", "coordinates": [ [ [ -17.3773198, 14.746576 ], [ -17.3770923, 14.7475679 ], [ -17.3769979, 14.7482734 ], [ -17.3768521, 14.749091 ], [ -17.3769035, 14.7494313 ], [ -17.377088, 14.7499003 ], [ -17.3749423, 14.7506266 ], [ -17.373569, 14.7512698 ], [ -17.3719383, 14.7520168 ], [ -17.3705435, 14.7527223 ], [ -17.3694277, 14.7532618 ], [ -17.3681617, 14.7539259 ], [ -17.3676896, 14.7540089 ], [ -17.3661232, 14.7545484 ], [ -17.3653722, 14.7537391 ], [ -17.3645354, 14.7533033 ], [ -17.3636985, 14.7527223 ], [ -17.3640633, 14.7523903 ], [ -17.3621965, 14.7514358 ], [ -17.3626256, 14.7505643 ], [ -17.3631835, 14.7495683 ], [ -17.3619819, 14.7489873 ], [ -17.3615098, 14.748593 ], [ -17.3614669, 14.747846 ], [ -17.3613811, 14.7468678 ], [ -17.3619604, 14.7467877 ], [ -17.3635912, 14.7465802 ], [ -17.3656726, 14.7463934 ], [ -17.3685909, 14.7463934 ], [ -17.3737192, 14.7463727 ], [ -17.3757363, 14.7459369 ], [ -17.3776417, 14.7457045 ], [ -17.3773198, 14.746576 ] ] ] } },
{ "type": "Feature", "properties": { "osm_id": 12982154, "commune": "Bambylor", "departement": "Rufisque", "zone_prioritaire": null, "prioritaire": false, "surface_km2": 64.542, "pct_mer_retire": 0.0, "wikidata": "Q16541558" }, "geometry": { "type": "Polygon", "coordinates": [ [ [ -17.1526928, 14.7924024 ], [ -17.1605205, 14.7883194 ], [ -17.1635847, 14.7865269 ], [ -17.1671896, 14.781672 ], [ -17.169095, 14.7791823 ], [ -17.1713609, 14.7768668 ], [ -17.1775922, 14.7749248 ], [ -17.1788311, 14.7762512 ], [ -17.1839037, 14.7824257 ], [ -17.1889918, 14.7878505 ], [ -17.198622, 14.8021654 ], [ -17.2189958, 14.7919108 ], [ -17.2195322, 14.7927225 ], [ -17.2201545, 14.7936535 ], [ -17.2204951, 14.7941644 ], [ -17.2209323, 14.7948283 ], [ -17.2214634, 14.7956218 ], [ -17.2216378, 14.7958811 ], [ -17.2216673, 14.795933 ], [ -17.2221608, 14.7967862 ], [ -17.2224827, 14.7973541 ], [ -17.2227375, 14.7978028 ], [ -17.2230862, 14.798407 ], [ -17.2233168, 14.7988115 ], [ -17.2237835, 14.7996362 ], [ -17.2242878, 14.8005127 ], [ -17.2247116, 14.8012569 ], [ -17.225189, 14.8020919 ], [ -17.2257281, 14.8030359 ], [ -17.2262029, 14.8038709 ], [ -17.2264899, 14.8043688 ], [ -17.2269378, 14.8051623 ], [ -17.2271658, 14.8055486 ], [ -17.22767, 14.8064381 ], [ -17.2280187, 14.8070449 ], [ -17.2284854, 14.8078721 ], [ -17.2288341, 14.8084763 ], [ -17.2293652, 14.809402 ], [ -17.2295556, 14.8097391 ], [ -17.2301135, 14.8107142 ], [ -17.2304139, 14.811238 ], [ -17.2310335, 14.812327 ], [ -17.2311464, 14.8125247 ], [ -17.2316719, 14.8134447 ], [ -17.2321735, 14.8143237 ], [ -17.2321547, 14.8146167 ], [ -17.2320635, 14.8160299 ], [ -17.231983, 14.817329 ], [ -17.2315512, 14.8183559 ], [ -17.2311274, 14.8193594 ], [ -17.2305454, 14.8207544 ], [ -17.2300545, 14.8219212 ], [ -17.229561, 14.8231036 ], [ -17.2295315, 14.8231762 ], [ -17.2295074, 14.8232151 ], [ -17.2289763, 14.8241434 ], [ -17.2284291, 14.8251131 ], [ -17.2280536, 14.8257769 ], [ -17.2273401, 14.8270267 ], [ -17.2267447, 14.828082 ], [ -17.2260554, 14.8293007 ], [ -17.225468, 14.8297751 ], [ -17.2243519, 14.830673 ], [ -17.2243012, 14.8307138 ], [ -17.2229628, 14.8318002 ], [ -17.2216431, 14.8328606 ], [ -17.2203423, 14.8339185 ], [ -17.219602, 14.8345123 ], [ -17.2193123, 14.8349686 ], [ -17.2184862, 14.8362391 ], [ -17.2179283, 14.8371076 ], [ -17.217357, 14.8380307 ], [ -17.2168581, 14.8388318 ], [ -17.2166086, 14.8392415 ], [ -17.2163833, 14.8396045 ], [ -17.2161526, 14.8400038 ], [ -17.2158066, 14.8406234 ], [ -17.2156779, 14.8408231 ], [ -17.2153614, 14.8412975 ], [ -17.2147713, 14.8421868 ], [ -17.2135241, 14.8423191 ], [ -17.2119523, 14.8424902 ], [ -17.2102652, 14.8426743 ], [ -17.2084815, 14.8428609 ], [ -17.2067461, 14.8430528 ], [ -17.2067381, 14.843898 ], [ -17.2067408, 14.8450725 ], [ -17.20673, 14.8464752 ], [ -17.20673, 14.8479011 ], [ -17.206722, 14.8492026 ], [ -17.2067274, 14.8507193 ], [ -17.2067086, 14.8517045 ], [ -17.2067139, 14.8532315 ], [ -17.2067113, 14.8544656 ], [ -17.2067059, 14.8557671 ], [ -17.2066979, 14.8568196 ], [ -17.2066979, 14.8581211 ], [ -17.2066952, 14.8593603 ], [ -17.2043429, 14.8592981 ], [ -17.2021837, 14.8592359 ], [ -17.2003973, 14.859184 ], [ -17.1991287, 14.8591477 ], [ -17.1972592, 14.8590985 ], [ -17.195446, 14.8590466 ], [ -17.1936301, 14.8589948 ], [ -17.193673, 14.8577322 ], [ -17.1937133, 14.856423 ], [ -17.1937562, 14.8550645 ], [ -17.1937937, 14.8537215 ], [ -17.1938286, 14.8526664 ], [ -17.1938742, 14.8512845 ], [ -17.193319, 14.851256 ], [ -17.1917794, 14.8511808 ], [ -17.1900279, 14.8510952 ], [ -17.1887244, 14.8510382 ], [ -17.18866, 14.851746 ], [ -17.1885313, 14.8533119 ], [ -17.1883971, 14.854896 ], [ -17.1882899, 14.8561197 ], [ -17.1881692, 14.8575611 ], [ -17.1880619, 14.8588366 ], [ -17.1874155, 14.8588211 ], [ -17.1860395, 14.8587796 ], [ -17.1855996, 14.8588963 ], [ -17.1841056, 14.8592877 ], [ -17.1828691, 14.8596118 ], [ -17.1813134, 14.8600188 ], [ -17.1796236, 14.8604647 ], [ -17.1777729, 14.8609469 ], [ -17.1758524, 14.8614317 ], [ -17.1742029, 14.8618543 ], [ -17.1722637, 14.8623443 ], [ -17.1721456, 14.8632853 ], [ -17.1720142, 14.8642783 ], [ -17.1718828, 14.865266 ], [ -17.1717433, 14.866347 ], [ -17.1716119, 14.8673892 ], [ -17.1714939, 14.8682784 ], [ -17.1714456, 14.8686517 ], [ -17.1713437, 14.8694398 ], [ -17.1712578, 14.870106 ], [ -17.1712095, 14.8704793 ], [ -17.1710915, 14.8713555 ], [ -17.1709708, 14.8722706 ], [ -17.1707965, 14.8736472 ], [ -17.1706436, 14.8748034 ], [ -17.1705873, 14.8752674 ], [ -17.170488, 14.8759906 ], [ -17.1703995, 14.8765013 ], [ -17.170134, 14.8780334 ], [ -17.169914, 14.8793217 ], [ -17.1696941, 14.8805531 ], [ -17.1695063, 14.8816599 ], [ -17.1691067, 14.8824221 ], [ -17.1684683, 14.883643 ], [ -17.1678353, 14.8848588 ], [ -17.1672774, 14.8859475 ], [ -17.1692006, 14.8868858 ], [ -17.1711032, 14.8882223 ], [ -17.165215, 14.8919121 ], [ -17.1617622, 14.8935003 ], [ -17.1610597, 14.8911191 ], [ -17.1589225, 14.8843255 ], [ -17.15815, 14.8787512 ], [ -17.159077, 14.8732513 ], [ -17.1599267, 14.870688 ], [ -17.1600654, 14.8671887 ], [ -17.1512029, 14.8425689 ], [ -17.1454151, 14.8244311 ], [ -17.1447447, 14.8202514 ], [ -17.1445366, 14.8189536 ], [ -17.1442533, 14.80277 ], [ -17.1441232, 14.7953384 ], [ -17.1526928, 14.7924024 ] ] ] } },
{ "type": "Feature", "properties": { "osm_id": 12982162, "commune": "Bargny", "departement": "Rufisque", "zone_prioritaire": null, "prioritaire": false, "surface_km2": 12.998, "pct_mer_retire": 15.7, "wikidata": "Q2884475" }, "geometry": { "type": "Polygon", "coordinates": [ [ [ -17.2117204, 14.6829879 ], [ -17.2101239, 14.6827886 ], [ -17.2083987, 14.6810949 ], [ -17.2127761, 14.6767856 ], [ -17.212992007666621, 14.675464488959951 ], [ -17.2132686, 14.6757142 ], [ -17.214411, 14.676532 ], [ -17.2145243, 14.6766164 ], [ -17.2165096, 14.6780707 ], [ -17.2172874, 14.6786519 ], [ -17.2180599, 14.6791423 ], [ -17.2189128, 14.6798585 ], [ -17.2193366, 14.6801387 ], [ -17.2196129, 14.6803255 ], [ -17.2199643, 14.680572 ], [ -17.2222777, 14.682191 ], [ -17.2227189, 14.6824998 ], [ -17.2241405, 14.6835636 ], [ -17.2259, 14.6846196 ], [ -17.2276998, 14.6856886 ], [ -17.2287405, 14.6863009 ], [ -17.2304088, 14.6872583 ], [ -17.2314817, 14.6879562 ], [ -17.2326002, 14.6886386 ], [ -17.2331441, 14.6890042 ], [ -17.233642, 14.6893893 ], [ -17.2339949, 14.6896955 ], [ -17.2349149, 14.6904263 ], [ -17.2363821, 14.6914199 ], [ -17.2377875, 14.6925382 ], [ -17.2386163, 14.6935915 ], [ -17.239877, 14.6950496 ], [ -17.2409982, 14.6959369 ], [ -17.2419316, 14.6966893 ], [ -17.2426182, 14.6971044 ], [ -17.2431922, 14.6974469 ], [ -17.2437716, 14.6978413 ], [ -17.2446513, 14.698355 ], [ -17.2457779, 14.6990762 ], [ -17.2466791, 14.6996781 ], [ -17.2476232, 14.7002333 ], [ -17.2480416, 14.7005291 ], [ -17.2488731, 14.701022 ], [ -17.2501767, 14.7017381 ], [ -17.2512174, 14.7024489 ], [ -17.251536441949018, 14.702619470994916 ], [ -17.2519912, 14.7067301 ], [ -17.2505493, 14.7089716 ], [ -17.2497208, 14.7093253 ], [ -17.248692, 14.7097646 ], [ -17.2468638, 14.7101381 ], [ -17.2460398, 14.7108355 ], [ -17.2456536, 14.7118317 ], [ -17.245808, 14.7160904 ], [ -17.2430786, 14.7168126 ], [ -17.2416109, 14.7171613 ], [ -17.2405037, 14.7175598 ], [ -17.239448, 14.7189793 ], [ -17.2383923, 14.7206479 ], [ -17.2383665, 14.7221172 ], [ -17.2384953, 14.7235367 ], [ -17.2366185, 14.7236447 ], [ -17.2293829, 14.719436 ], [ -17.2268338, 14.717344 ], [ -17.2209887, 14.7182406 ], [ -17.2218899, 14.716049 ], [ -17.2207827, 14.7138325 ], [ -17.2218642, 14.7117903 ], [ -17.2218384, 14.7109684 ], [ -17.2221474, 14.7102212 ], [ -17.2219929, 14.7088265 ], [ -17.2227912, 14.7068341 ], [ -17.2192893, 14.7078303 ], [ -17.2147574, 14.7034967 ], [ -17.2105345, 14.7048665 ], [ -17.2075233, 14.6884178 ], [ -17.2117204, 14.6829879 ] ] ] } },
{ "type": "Feature", "properties": { "osm_id": 12982164, "commune": "Diamniadio", "departement": "Rufisque", "zone_prioritaire": null, "prioritaire": false, "surface_km2": 72.639, "pct_mer_retire": 0.0, "wikidata": "Q3026080" }, "geometry": { "type": "Polygon", "coordinates": [ [ [ -17.1328709, 14.7108219 ], [ -17.133065, 14.7084602 ], [ -17.1337833, 14.7059123 ], [ -17.1443156, 14.7107695 ], [ -17.1484823, 14.7108693 ], [ -17.1516161, 14.7115169 ], [ -17.155052, 14.7042913 ], [ -17.1586987, 14.6991745 ], [ -17.1599109, 14.6964999 ], [ -17.161996, 14.689336 ], [ -17.1663989, 14.6820677 ], [ -17.170592, 14.6851153 ], [ -17.1876308, 14.6888266 ], [ -17.2075233, 14.6884178 ], [ -17.2105345, 14.7048665 ], [ -17.2147574, 14.7034967 ], [ -17.2192893, 14.7078303 ], [ -17.2227912, 14.7068341 ], [ -17.2219929, 14.7088265 ], [ -17.2221474, 14.7102212 ], [ -17.2218384, 14.7109684 ], [ -17.2218642, 14.7117903 ], [ -17.2207827, 14.7138325 ], [ -17.2218899, 14.716049 ], [ -17.2209887, 14.7182406 ], [ -17.2268338, 14.717344 ], [ -17.2293829, 14.719436 ], [ -17.2366185, 14.7236447 ], [ -17.2384953, 14.7235367 ], [ -17.2388771, 14.7299704 ], [ -17.2388514, 14.7321369 ], [ -17.2386969, 14.7345027 ], [ -17.2393716, 14.7371781 ], [ -17.2394694, 14.7375656 ], [ -17.2341117, 14.7399157 ], [ -17.2286787, 14.7423809 ], [ -17.226696, 14.7440991 ], [ -17.2253313, 14.7464647 ], [ -17.2243528, 14.7500256 ], [ -17.2237863, 14.75142 ], [ -17.2213916, 14.7531132 ], [ -17.2156753, 14.7571968 ], [ -17.2115812, 14.7592884 ], [ -17.207899, 14.7617535 ], [ -17.2072038, 14.7624008 ], [ -17.2000198, 14.7658867 ], [ -17.1961832, 14.7671068 ], [ -17.1862182, 14.7707917 ], [ -17.1775922, 14.7749248 ], [ -17.1713609, 14.7768668 ], [ -17.169095, 14.7791823 ], [ -17.1671896, 14.781672 ], [ -17.1635847, 14.7865269 ], [ -17.1605205, 14.7883194 ], [ -17.1526928, 14.7924024 ], [ -17.1441232, 14.7953384 ], [ -17.1407125, 14.7862954 ], [ -17.1317608, 14.7712623 ], [ -17.1398475, 14.7670038 ], [ -17.1538808, 14.7547782 ], [ -17.1764753, 14.7537912 ], [ -17.1769645, 14.7500811 ], [ -17.1752651, 14.746321 ], [ -17.175986, 14.7437811 ], [ -17.1735399, 14.7402949 ], [ -17.1748016, 14.7383276 ], [ -17.1742866, 14.7370576 ], [ -17.1772992, 14.7327495 ], [ -17.1765268, 14.7321767 ], [ -17.1703033, 14.7320316 ], [ -17.1694793, 14.7325795 ], [ -17.1690673, 14.7341981 ], [ -17.1659259, 14.7332269 ], [ -17.1653595, 14.7354433 ], [ -17.1642265, 14.7351444 ], [ -17.1617546, 14.7338744 ], [ -17.1589994, 14.731409 ], [ -17.152871, 14.7302386 ], [ -17.1446248, 14.7283792 ], [ -17.1404019, 14.7179494 ], [ -17.1328709, 14.7108219 ] ] ] } },
{ "type": "Feature", "properties": { "osm_id": 12982167, "commune": "Rufisque Est", "departement": "Rufisque", "zone_prioritaire": null, "prioritaire": false, "surface_km2": 8.137, "pct_mer_retire": 19.8, "wikidata": "Q2419563" }, "geometry": { "type": "MultiPolygon", "coordinates": [ [ [ [ -17.2504126, 14.7374511 ], [ -17.2471682, 14.7365795 ], [ -17.2442328, 14.7361064 ], [ -17.2425334, 14.7364799 ], [ -17.2394694, 14.7375656 ], [ -17.2393716, 14.7371781 ], [ -17.2386969, 14.7345027 ], [ -17.2388514, 14.7321369 ], [ -17.2388771, 14.7299704 ], [ -17.2384953, 14.7235367 ], [ -17.2383665, 14.7221172 ], [ -17.2383923, 14.7206479 ], [ -17.239448, 14.7189793 ], [ -17.2405037, 14.7175598 ], [ -17.2416109, 14.7171613 ], [ -17.2430786, 14.7168126 ], [ -17.245808, 14.7160904 ], [ -17.2456536, 14.7118317 ], [ -17.2460398, 14.7108355 ], [ -17.2468638, 14.7101381 ], [ -17.248692, 14.7097646 ], [ -17.2497208, 14.7093253 ], [ -17.2505493, 14.7089716 ], [ -17.2519912, 14.7067301 ], [ -17.251536441949018, 14.702619470994916 ], [ -17.2522366, 14.7029938 ], [ -17.2535563, 14.7037565 ], [ -17.2540981, 14.7040834 ], [ -17.2553158, 14.7047514 ], [ -17.2554418, 14.7047852 ], [ -17.2554787, 14.7047975 ], [ -17.2555176, 14.7048033 ], [ -17.2555488, 14.7047981 ], [ -17.2555773, 14.7047871 ], [ -17.2556504, 14.7047531 ], [ -17.2556702, 14.7047518 ], [ -17.2556849, 14.7047612 ], [ -17.2557212, 14.7047896 ], [ -17.2557396, 14.704804 ], [ -17.2558053, 14.7048532 ], [ -17.2558361, 14.7048565 ], [ -17.2558804, 14.7048176 ], [ -17.2560373, 14.7047398 ], [ -17.2561218, 14.7047307 ], [ -17.2561996, 14.7047521 ], [ -17.2563417, 14.704815 ], [ -17.2564638, 14.7048825 ], [ -17.2573634, 14.7053158 ], [ -17.2580612, 14.7056634 ], [ -17.2586162, 14.705902 ], [ -17.2595416, 14.7063353 ], [ -17.2606212, 14.7068386 ], [ -17.2610624, 14.70705 ], [ -17.261111, 14.707099 ], [ -17.2611482, 14.7071499 ], [ -17.2611751, 14.7072861 ], [ -17.2611603, 14.7073704 ], [ -17.2611617, 14.7074158 ], [ -17.2611798, 14.7074269 ], [ -17.2612005, 14.7074262 ], [ -17.2612488, 14.7073626 ], [ -17.2612696, 14.7073536 ], [ -17.2612891, 14.7073497 ], [ -17.2614875, 14.707447 ], [ -17.2623845, 14.7078229 ], [ -17.2630884, 14.7081384 ], [ -17.2637902, 14.7084561 ], [ -17.2643696, 14.7086624 ], [ -17.2654058, 14.7090682 ], [ -17.2670089, 14.7096404 ], [ -17.2676982, 14.7098662 ], [ -17.2680455, 14.710014 ], [ -17.2691506, 14.710372 ], [ -17.2700223, 14.7106315 ], [ -17.2707101, 14.7108448 ], [ -17.2715083, 14.7110938 ], [ -17.27227, 14.711402 ], [ -17.2727515, 14.7115771 ], [ -17.273019, 14.7116168 ], [ -17.2732195, 14.7116329 ], [ -17.2733496, 14.7116912 ], [ -17.2744198, 14.7120376 ], [ -17.2745747, 14.7120895 ], [ -17.2745942, 14.7120914 ], [ -17.274621, 14.7120882 ], [ -17.2748154, 14.7120609 ], [ -17.2748557, 14.7120583 ], [ -17.2748838, 14.7120648 ], [ -17.275368, 14.7122101 ], [ -17.2766957, 14.7126835 ], [ -17.2775862, 14.7130013 ], [ -17.2779697, 14.713096 ], [ -17.2786832, 14.7132322 ], [ -17.2788562, 14.7132426 ], [ -17.2789742, 14.71324 ], [ -17.2791614, 14.7132122 ], [ -17.2791767, 14.7132101 ], [ -17.2791917, 14.7132087 ], [ -17.2793618, 14.7131842 ], [ -17.2798003, 14.7131025 ], [ -17.2798821, 14.7130766 ], [ -17.2805902, 14.7127659 ], [ -17.2805983, 14.7127568 ], [ -17.280599, 14.7127465 ], [ -17.2805869, 14.7127127 ], [ -17.2805353, 14.7126401 ], [ -17.2805379, 14.7126252 ], [ -17.2805554, 14.7126077 ], [ -17.2807498, 14.7125182 ], [ -17.2809604, 14.7124118 ], [ -17.2810221, 14.7123683 ], [ -17.281063, 14.712321 ], [ -17.281072, 14.7122954 ], [ -17.2810737, 14.7122698 ], [ -17.2810707, 14.7122506 ], [ -17.2810398, 14.7122072 ], [ -17.2810378, 14.7122018 ], [ -17.2810388, 14.7121952 ], [ -17.2810442, 14.7121887 ], [ -17.2810707, 14.7121738 ], [ -17.2815491, 14.711904 ], [ -17.2815672, 14.7118852 ], [ -17.2815763, 14.711868 ], [ -17.2815827, 14.7117691 ], [ -17.2816088, 14.7116705 ], [ -17.281752573233554, 14.71119818246321 ], [ -17.2818168, 14.7115733 ], [ -17.2817502, 14.7124882 ], [ -17.2813771, 14.7127846 ], [ -17.2801253, 14.7140223 ], [ -17.2786166, 14.7151797 ], [ -17.2781907, 14.7157665 ], [ -17.2779937, 14.7160832 ], [ -17.2776676, 14.7162311 ], [ -17.277297, 14.7162894 ], [ -17.2756725, 14.7163363 ], [ -17.2751423, 14.7163286 ], [ -17.2729055, 14.7170171 ], [ -17.2723838, 14.7168181 ], [ -17.2713335, 14.7162657 ], [ -17.2677596, 14.7184718 ], [ -17.260935, 14.7237483 ], [ -17.2568744, 14.7291291 ], [ -17.2523301, 14.7380504 ], [ -17.2504126, 14.7374511 ] ] ], [ [ [ -17.2816544, 14.7106248 ], [ -17.281669275714748, 14.710711681868464 ], [ -17.2816014, 14.7105964 ], [ -17.2816001, 14.7105614 ], [ -17.2816269, 14.7105186 ], [ -17.281653416807028, 14.710521258497362 ], [ -17.2816544, 14.7106248 ] ] ] ] } },
{ "type": "Feature", "properties": { "osm_id": 12982158, "commune": "Rufisque Nord", "departement": "Rufisque", "zone_prioritaire": null, "prioritaire": false, "surface_km2": 7.14, "pct_mer_retire": 0.0, "wikidata": "Q3452793" }, "geometry": { "type": "Polygon", "coordinates": [ [ [ -17.2740764, 14.7443605 ], [ -17.2715716, 14.7436569 ], [ -17.2699941, 14.7431402 ], [ -17.2668507, 14.742403 ], [ -17.2651642, 14.7419946 ], [ -17.2624729, 14.7411409 ], [ -17.2605084, 14.7405388 ], [ -17.256426, 14.7393861 ], [ -17.2523301, 14.7380504 ], [ -17.2568744, 14.7291291 ], [ -17.260935, 14.7237483 ], [ -17.2677596, 14.7184718 ], [ -17.2713335, 14.7162657 ], [ -17.2723838, 14.7168181 ], [ -17.2729055, 14.7170171 ], [ -17.2751423, 14.7163286 ], [ -17.2766723, 14.7172398 ], [ -17.2791172, 14.7185929 ], [ -17.2825568, 14.719998 ], [ -17.2825556, 14.7205774 ], [ -17.2823926, 14.7289816 ], [ -17.2816067, 14.7385194 ], [ -17.2799829, 14.7456005 ], [ -17.2799391, 14.7457914 ], [ -17.279859, 14.7461406 ], [ -17.2740764, 14.7443605 ] ] ] } },
{ "type": "Feature", "properties": { "osm_id": 12982157, "commune": "Rufisque Ouest", "departement": "Rufisque", "zone_prioritaire": null, "prioritaire": false, "surface_km2": 11.534, "pct_mer_retire": 13.8, "wikidata": "Q3452794" }, "geometry": { "type": "Polygon", "coordinates": [ [ [ -17.3142988, 14.7261746 ], [ -17.3152516, 14.7277933 ], [ -17.315818, 14.7310556 ], [ -17.3150719, 14.7353251 ], [ -17.3056656, 14.7424336 ], [ -17.3051872, 14.7427388 ], [ -17.3035653, 14.7437737 ], [ -17.3028725, 14.7444647 ], [ -17.3004041, 14.7514584 ], [ -17.2998643, 14.7537368 ], [ -17.2975337, 14.752582 ], [ -17.2882624, 14.747868 ], [ -17.2867094, 14.7471533 ], [ -17.2861584, 14.7479291 ], [ -17.2843651, 14.7475248 ], [ -17.2820609, 14.7468034 ], [ -17.279859, 14.7461406 ], [ -17.2799391, 14.7457914 ], [ -17.2799829, 14.7456005 ], [ -17.2816067, 14.7385194 ], [ -17.2823926, 14.7289816 ], [ -17.2825556, 14.7205774 ], [ -17.2825568, 14.719998 ], [ -17.2791172, 14.7185929 ], [ -17.2766723, 14.7172398 ], [ -17.2751423, 14.7163286 ], [ -17.2756725, 14.7163363 ], [ -17.277297, 14.7162894 ], [ -17.2776676, 14.7162311 ], [ -17.2779937, 14.7160832 ], [ -17.2781907, 14.7157665 ], [ -17.2786166, 14.7151797 ], [ -17.2801253, 14.7140223 ], [ -17.2813771, 14.7127846 ], [ -17.2817502, 14.7124882 ], [ -17.2818168, 14.7115733 ], [ -17.281752573233554, 14.71119818246321 ], [ -17.2817624, 14.7111659 ], [ -17.2817221, 14.7108014 ], [ -17.281669275714748, 14.710711681868464 ], [ -17.2816544, 14.7106248 ], [ -17.281653416807028, 14.710521258497362 ], [ -17.2817047, 14.7105264 ], [ -17.2817394, 14.7105625 ], [ -17.2820454, 14.7108873 ], [ -17.2822224, 14.7111594 ], [ -17.2823109, 14.7112489 ], [ -17.2824731, 14.7113436 ], [ -17.2825858, 14.7113955 ], [ -17.2826877, 14.7114123 ], [ -17.2844177, 14.7120454 ], [ -17.2845988, 14.7121128 ], [ -17.2847171, 14.7121758 ], [ -17.2848744, 14.7122204 ], [ -17.2856002, 14.712455 ], [ -17.2876311, 14.7131531 ], [ -17.2878808, 14.7131819 ], [ -17.2881044, 14.7132076 ], [ -17.2892404, 14.7136512 ], [ -17.2893396, 14.7138212 ], [ -17.2895474, 14.7138907 ], [ -17.2897231, 14.7139496 ], [ -17.2898009, 14.7139521 ], [ -17.2899216, 14.7140066 ], [ -17.2909194, 14.7147538 ], [ -17.2909825, 14.714864 ], [ -17.290984, 14.7149904 ], [ -17.291303, 14.7152311 ], [ -17.2923356, 14.7157473 ], [ -17.2944854, 14.7164997 ], [ -17.2965722, 14.7171365 ], [ -17.2980702, 14.7177215 ], [ -17.2982951, 14.7177864 ], [ -17.2985127, 14.7178492 ], [ -17.2985919, 14.717872 ], [ -17.3004091, 14.7182975 ], [ -17.3005365, 14.7182975 ], [ -17.3006116, 14.7182871 ], [ -17.3006994, 14.7182083 ], [ -17.3007296, 14.7181523 ], [ -17.3012057, 14.7172702 ], [ -17.3012513, 14.7172351 ], [ -17.3013344, 14.7172286 ], [ -17.3013921, 14.7172922 ], [ -17.3013908, 14.7173415 ], [ -17.300912, 14.7182365 ], [ -17.300908, 14.7183493 ], [ -17.3009589, 14.7184233 ], [ -17.3017113, 14.7187774 ], [ -17.3023523, 14.7189758 ], [ -17.3032978, 14.7192742 ], [ -17.303794, 14.7194363 ], [ -17.3042366, 14.7195556 ], [ -17.3052344, 14.7198618 ], [ -17.3057869, 14.7199863 ], [ -17.3062482, 14.7202068 ], [ -17.3071307, 14.7206069 ], [ -17.3075183, 14.7209007 ], [ -17.3083431, 14.7213067 ], [ -17.3092389, 14.7217425 ], [ -17.3106643, 14.7223921 ], [ -17.3120847, 14.7230526 ], [ -17.3131898, 14.7234573 ], [ -17.3140052, 14.7238606 ], [ -17.314867505119093, 14.724280279482503 ], [ -17.3142988, 14.7261746 ] ] ] } },
{ "type": "Feature", "properties": { "osm_id": 12982168, "commune": "Sangalkam", "departement": "Rufisque", "zone_prioritaire": null, "prioritaire": false, "surface_km2": 41.274, "pct_mer_retire": -0.0, "wikidata": "Q3472184" }, "geometry": { "type": "Polygon", "coordinates": [ [ [ -17.2870779, 14.7494119 ], [ -17.2857132, 14.7500593 ], [ -17.2847657, 14.7532474 ], [ -17.2770485, 14.7582853 ], [ -17.2797779, 14.7621198 ], [ -17.2698977, 14.7692098 ], [ -17.2704539, 14.7701271 ], [ -17.2741847, 14.77199 ], [ -17.2734529, 14.7754597 ], [ -17.2699072, 14.774202 ], [ -17.2696906, 14.7749558 ], [ -17.2692576, 14.7748511 ], [ -17.2687812, 14.7767772 ], [ -17.2695391, 14.7770075 ], [ -17.2692359, 14.7785149 ], [ -17.2684132, 14.7814041 ], [ -17.2648622, 14.7808388 ], [ -17.2624804, 14.7806504 ], [ -17.2554261, 14.7795258 ], [ -17.2538511, 14.7791591 ], [ -17.2518743, 14.7784018 ], [ -17.2518207, 14.7783655 ], [ -17.2509019, 14.7778151 ], [ -17.2507773, 14.7777405 ], [ -17.2489668, 14.776659 ], [ -17.2474755, 14.7757668 ], [ -17.2461505, 14.7749732 ], [ -17.2451661, 14.7743819 ], [ -17.2438411, 14.7735856 ], [ -17.2425885, 14.7728413 ], [ -17.2420145, 14.7737127 ], [ -17.2414566, 14.774553 ], [ -17.2407458, 14.7756423 ], [ -17.2400055, 14.7767679 ], [ -17.2401396, 14.7772866 ], [ -17.2404937, 14.7786819 ], [ -17.2407753, 14.7797997 ], [ -17.2401235, 14.7808293 ], [ -17.2396488, 14.7815684 ], [ -17.2394154, 14.7819367 ], [ -17.2388924, 14.7827666 ], [ -17.2383667, 14.7835939 ], [ -17.2382219, 14.7838221 ], [ -17.2376291, 14.7847661 ], [ -17.2358052, 14.7837676 ], [ -17.2354645, 14.785124 ], [ -17.2351963, 14.7861795 ], [ -17.23514, 14.7864233 ], [ -17.2346518, 14.7874399 ], [ -17.2342897, 14.7882049 ], [ -17.2337157, 14.7889907 ], [ -17.2331149, 14.7898932 ], [ -17.2325758, 14.7907023 ], [ -17.2319267, 14.7899373 ], [ -17.231063, 14.7889103 ], [ -17.2303415, 14.7895223 ], [ -17.2296978, 14.7900695 ], [ -17.2287295, 14.7908994 ], [ -17.2274313, 14.7900618 ], [ -17.2259803, 14.7891204 ], [ -17.2254545, 14.7893097 ], [ -17.2240598, 14.7898128 ], [ -17.2226382, 14.7903263 ], [ -17.2213534, 14.7907905 ], [ -17.2197414, 14.7913714 ], [ -17.2189958, 14.7919108 ], [ -17.198622, 14.8021654 ], [ -17.1889918, 14.7878505 ], [ -17.1839037, 14.7824257 ], [ -17.1788311, 14.7762512 ], [ -17.1775922, 14.7749248 ], [ -17.1862182, 14.7707917 ], [ -17.1961832, 14.7671068 ], [ -17.2000198, 14.7658867 ], [ -17.2072038, 14.7624008 ], [ -17.207899, 14.7617535 ], [ -17.2115812, 14.7592884 ], [ -17.2156753, 14.7571968 ], [ -17.2213916, 14.7531132 ], [ -17.2237863, 14.75142 ], [ -17.2243528, 14.7500256 ], [ -17.2253313, 14.7464647 ], [ -17.226696, 14.7440991 ], [ -17.2286787, 14.7423809 ], [ -17.2341117, 14.7399157 ], [ -17.2394694, 14.7375656 ], [ -17.2425334, 14.7364799 ], [ -17.2442328, 14.7361064 ], [ -17.2471682, 14.7365795 ], [ -17.2504126, 14.7374511 ], [ -17.2523301, 14.7380504 ], [ -17.256426, 14.7393861 ], [ -17.2605084, 14.7405388 ], [ -17.2624729, 14.7411409 ], [ -17.2651642, 14.7419946 ], [ -17.2668507, 14.742403 ], [ -17.2699941, 14.7431402 ], [ -17.2715716, 14.7436569 ], [ -17.2740764, 14.7443605 ], [ -17.279859, 14.7461406 ], [ -17.2820609, 14.7468034 ], [ -17.2843651, 14.7475248 ], [ -17.2861584, 14.7479291 ], [ -17.2867094, 14.7471533 ], [ -17.2882624, 14.747868 ], [ -17.2870779, 14.7494119 ] ] ] } },
{ "type": "Feature", "properties": { "osm_id": 12982161, "commune": "Sendou", "departement": "Rufisque", "zone_prioritaire": null, "prioritaire": false, "surface_km2": 8.173, "pct_mer_retire": 19.4, "wikidata": "Q16676040" }, "geometry": { "type": "Polygon", "coordinates": [ [ [ -17.1876308, 14.6888266 ], [ -17.170592, 14.6851153 ], [ -17.1746496, 14.6811596 ], [ -17.1816506, 14.6810801 ], [ -17.1895664, 14.6598704 ], [ -17.1899012, 14.6593722 ], [ -17.1900299, 14.6579771 ], [ -17.1888712, 14.6564576 ], [ -17.1883047, 14.6556604 ], [ -17.1880987, 14.6549878 ], [ -17.188691, 14.6535678 ], [ -17.188885784531198, 14.653343111161842 ], [ -17.1889284, 14.6534199 ], [ -17.1890009, 14.6535704 ], [ -17.1892181, 14.6538689 ], [ -17.1894729, 14.65431 ], [ -17.1897626, 14.6547745 ], [ -17.1899101, 14.6549561 ], [ -17.190012, 14.6550911 ], [ -17.1901059, 14.6552156 ], [ -17.1902561, 14.6554362 ], [ -17.1905565, 14.6558099 ], [ -17.1906853, 14.6559837 ], [ -17.1912897, 14.6567158 ], [ -17.191596, 14.6571019 ], [ -17.1917854, 14.657337 ], [ -17.1921015, 14.6577016 ], [ -17.1922168, 14.6578443 ], [ -17.1924126, 14.658096 ], [ -17.192831, 14.6585735 ], [ -17.1929839, 14.6587551 ], [ -17.1931234, 14.6589134 ], [ -17.1932495, 14.6590432 ], [ -17.1935781, 14.6594052 ], [ -17.1945182, 14.6604093 ], [ -17.1960497, 14.6618716 ], [ -17.1975872, 14.6633007 ], [ -17.1983229, 14.6639397 ], [ -17.1992321, 14.664818 ], [ -17.1992807, 14.6648352 ], [ -17.199389, 14.6648479 ], [ -17.1994958, 14.6648752 ], [ -17.1996884, 14.6650652 ], [ -17.1996788, 14.6651632 ], [ -17.2009555, 14.6663113 ], [ -17.2017628, 14.6669652 ], [ -17.2017963, 14.6670509 ], [ -17.2017628, 14.6671339 ], [ -17.2019144, 14.6672468 ], [ -17.2022469, 14.6674855 ], [ -17.2021959, 14.6676009 ], [ -17.2028518, 14.6681173 ], [ -17.2030462, 14.6682068 ], [ -17.2031093, 14.6682302 ], [ -17.2031461, 14.6682461 ], [ -17.2031589, 14.6682516 ], [ -17.2032337, 14.6682643 ], [ -17.2032884, 14.6682175 ], [ -17.2033513, 14.6682795 ], [ -17.2033883, 14.668322 ], [ -17.2034504, 14.6683574 ], [ -17.2035847, 14.6684359 ], [ -17.2037007, 14.6684223 ], [ -17.2037456, 14.6683885 ], [ -17.2038134, 14.6684414 ], [ -17.2040158, 14.6683568 ], [ -17.2040179, 14.6683327 ], [ -17.2040836, 14.6682094 ], [ -17.2040809, 14.6681712 ], [ -17.2040219, 14.6681218 ], [ -17.2038783, 14.6680628 ], [ -17.2038495, 14.668044 ], [ -17.2038381, 14.6680232 ], [ -17.2038515, 14.6680005 ], [ -17.2038777, 14.6679877 ], [ -17.2039992, 14.6680238 ], [ -17.2040641, 14.6680576 ], [ -17.2041345, 14.668105 ], [ -17.2041948, 14.6681744 ], [ -17.2041996, 14.6682049 ], [ -17.2041996, 14.6682639 ], [ -17.2041795, 14.6682841 ], [ -17.20416, 14.6682821 ], [ -17.2041379, 14.668238 ], [ -17.2041117, 14.6682257 ], [ -17.20404, 14.6683599 ], [ -17.2040909, 14.6684196 ], [ -17.2038455, 14.6684942 ], [ -17.2039885, 14.668603 ], [ -17.2046263, 14.6691678 ], [ -17.205416, 14.6698506 ], [ -17.206396, 14.670675 ], [ -17.2072872, 14.6713274 ], [ -17.2080418, 14.6718849 ], [ -17.208529, 14.6721618 ], [ -17.2089283, 14.6724143 ], [ -17.2091362, 14.6725284 ], [ -17.2092462, 14.6725661 ], [ -17.2093709, 14.6726231 ], [ -17.2094688, 14.6726724 ], [ -17.2096136, 14.6727736 ], [ -17.2097091, 14.6728189 ], [ -17.2100052, 14.6730072 ], [ -17.2102399, 14.6731032 ], [ -17.2105014, 14.6731213 ], [ -17.2106101, 14.6731797 ], [ -17.210779, 14.6734003 ], [ -17.2110057, 14.6737013 ], [ -17.2113289, 14.6739633 ], [ -17.2115904, 14.6742358 ], [ -17.2117487, 14.6743409 ], [ -17.2118318, 14.6743953 ], [ -17.2120531, 14.6745964 ], [ -17.2121913, 14.6747416 ], [ -17.212992007666621, 14.675464488959951 ], [ -17.2127761, 14.6767856 ], [ -17.2083987, 14.6810949 ], [ -17.2101239, 14.6827886 ], [ -17.2117204, 14.6829879 ], [ -17.2075233, 14.6884178 ], [ -17.1876308, 14.6888266 ] ] ] } },
{ "type": "Feature", "properties": { "osm_id": 12982163, "commune": "Sébikhotane", "departement": "Rufisque", "zone_prioritaire": null, "prioritaire": false, "surface_km2": 20.122, "pct_mer_retire": -0.0, "wikidata": null }, "geometry": { "type": "Polygon", "coordinates": [ [ [ -17.1404019, 14.7179494 ], [ -17.1446248, 14.7283792 ], [ -17.152871, 14.7302386 ], [ -17.1589994, 14.731409 ], [ -17.1617546, 14.7338744 ], [ -17.1642265, 14.7351444 ], [ -17.1653595, 14.7354433 ], [ -17.1659259, 14.7332269 ], [ -17.1690673, 14.7341981 ], [ -17.1694793, 14.7325795 ], [ -17.1703033, 14.7320316 ], [ -17.1765268, 14.7321767 ], [ -17.1772992, 14.7327495 ], [ -17.1742866, 14.7370576 ], [ -17.1748016, 14.7383276 ], [ -17.1735399, 14.7402949 ], [ -17.175986, 14.7437811 ], [ -17.1752651, 14.746321 ], [ -17.1769645, 14.7500811 ], [ -17.1764753, 14.7537912 ], [ -17.1538808, 14.7547782 ], [ -17.1398475, 14.7670038 ], [ -17.1317608, 14.7712623 ], [ -17.1251063, 14.7604065 ], [ -17.1218506, 14.7514152 ], [ -17.1206104, 14.7421138 ], [ -17.1211817, 14.7379791 ], [ -17.1214991, 14.7356821 ], [ -17.1256106, 14.7346409 ], [ -17.1270714, 14.7323088 ], [ -17.1271641, 14.7263438 ], [ -17.1291118, 14.7228006 ], [ -17.1361801, 14.7190206 ], [ -17.1404019, 14.7179494 ] ] ] } },
{ "type": "Feature", "properties": { "osm_id": 12982153, "commune": "Tivaouane Peulh-Niaga", "departement": "Rufisque", "zone_prioritaire": null, "prioritaire": false, "surface_km2": 67.782, "pct_mer_retire": 17.2, "wikidata": null }, "geometry": { "type": "Polygon", "coordinates": [ [ [ -17.1692006, 14.8868858 ], [ -17.1672774, 14.8859475 ], [ -17.1678353, 14.8848588 ], [ -17.1684683, 14.883643 ], [ -17.1691067, 14.8824221 ], [ -17.1695063, 14.8816599 ], [ -17.1696941, 14.8805531 ], [ -17.169914, 14.8793217 ], [ -17.170134, 14.8780334 ], [ -17.1703995, 14.8765013 ], [ -17.170488, 14.8759906 ], [ -17.1705873, 14.8752674 ], [ -17.1706436, 14.8748034 ], [ -17.1707965, 14.8736472 ], [ -17.1709708, 14.8722706 ], [ -17.1710915, 14.8713555 ], [ -17.1712095, 14.8704793 ], [ -17.1712578, 14.870106 ], [ -17.1713437, 14.8694398 ], [ -17.1714456, 14.8686517 ], [ -17.1714939, 14.8682784 ], [ -17.1716119, 14.8673892 ], [ -17.1717433, 14.866347 ], [ -17.1718828, 14.865266 ], [ -17.1720142, 14.8642783 ], [ -17.1721456, 14.8632853 ], [ -17.1722637, 14.8623443 ], [ -17.1742029, 14.8618543 ], [ -17.1758524, 14.8614317 ], [ -17.1777729, 14.8609469 ], [ -17.1796236, 14.8604647 ], [ -17.1813134, 14.8600188 ], [ -17.1828691, 14.8596118 ], [ -17.1841056, 14.8592877 ], [ -17.1855996, 14.8588963 ], [ -17.1860395, 14.8587796 ], [ -17.1874155, 14.8588211 ], [ -17.1880619, 14.8588366 ], [ -17.1881692, 14.8575611 ], [ -17.1882899, 14.8561197 ], [ -17.1883971, 14.854896 ], [ -17.1885313, 14.8533119 ], [ -17.18866, 14.851746 ], [ -17.1887244, 14.8510382 ], [ -17.1900279, 14.8510952 ], [ -17.1917794, 14.8511808 ], [ -17.193319, 14.851256 ], [ -17.1938742, 14.8512845 ], [ -17.1938286, 14.8526664 ], [ -17.1937937, 14.8537215 ], [ -17.1937562, 14.8550645 ], [ -17.1937133, 14.856423 ], [ -17.193673, 14.8577322 ], [ -17.1936301, 14.8589948 ], [ -17.195446, 14.8590466 ], [ -17.1972592, 14.8590985 ], [ -17.1991287, 14.8591477 ], [ -17.2003973, 14.859184 ], [ -17.2021837, 14.8592359 ], [ -17.2043429, 14.8592981 ], [ -17.2066952, 14.8593603 ], [ -17.2066979, 14.8581211 ], [ -17.2066979, 14.8568196 ], [ -17.2067059, 14.8557671 ], [ -17.2067113, 14.8544656 ], [ -17.2067139, 14.8532315 ], [ -17.2067086, 14.8517045 ], [ -17.2067274, 14.8507193 ], [ -17.206722, 14.8492026 ], [ -17.20673, 14.8479011 ], [ -17.20673, 14.8464752 ], [ -17.2067408, 14.8450725 ], [ -17.2067381, 14.843898 ], [ -17.2067461, 14.8430528 ], [ -17.2084815, 14.8428609 ], [ -17.2102652, 14.8426743 ], [ -17.2119523, 14.8424902 ], [ -17.2135241, 14.8423191 ], [ -17.2147713, 14.8421868 ], [ -17.2153614, 14.8412975 ], [ -17.2156779, 14.8408231 ], [ -17.2158066, 14.8406234 ], [ -17.2161526, 14.8400038 ], [ -17.2163833, 14.8396045 ], [ -17.2166086, 14.8392415 ], [ -17.2168581, 14.8388318 ], [ -17.217357, 14.8380307 ], [ -17.2179283, 14.8371076 ], [ -17.2184862, 14.8362391 ], [ -17.2193123, 14.8349686 ], [ -17.219602, 14.8345123 ], [ -17.2203423, 14.8339185 ], [ -17.2216431, 14.8328606 ], [ -17.2229628, 14.8318002 ], [ -17.2243012, 14.8307138 ], [ -17.2243519, 14.830673 ], [ -17.225468, 14.8297751 ], [ -17.2260554, 14.8293007 ], [ -17.2267447, 14.828082 ], [ -17.2273401, 14.8270267 ], [ -17.2280536, 14.8257769 ], [ -17.2284291, 14.8251131 ], [ -17.2289763, 14.8241434 ], [ -17.2295074, 14.8232151 ], [ -17.2295315, 14.8231762 ], [ -17.229561, 14.8231036 ], [ -17.2300545, 14.8219212 ], [ -17.2305454, 14.8207544 ], [ -17.2311274, 14.8193594 ], [ -17.2315512, 14.8183559 ], [ -17.231983, 14.817329 ], [ -17.2320635, 14.8160299 ], [ -17.2321547, 14.8146167 ], [ -17.2321735, 14.8143237 ], [ -17.2316719, 14.8134447 ], [ -17.2311464, 14.8125247 ], [ -17.2310335, 14.812327 ], [ -17.2304139, 14.811238 ], [ -17.2301135, 14.8107142 ], [ -17.2295556, 14.8097391 ], [ -17.2293652, 14.809402 ], [ -17.2288341, 14.8084763 ], [ -17.2284854, 14.8078721 ], [ -17.2280187, 14.8070449 ], [ -17.22767, 14.8064381 ], [ -17.2271658, 14.8055486 ], [ -17.2269378, 14.8051623 ], [ -17.2264899, 14.8043688 ], [ -17.2262029, 14.8038709 ], [ -17.2257281, 14.8030359 ], [ -17.225189, 14.8020919 ], [ -17.2247116, 14.8012569 ], [ -17.2242878, 14.8005127 ], [ -17.2237835, 14.7996362 ], [ -17.2233168, 14.7988115 ], [ -17.2230862, 14.798407 ], [ -17.2227375, 14.7978028 ], [ -17.2224827, 14.7973541 ], [ -17.2221608, 14.7967862 ], [ -17.2216673, 14.795933 ], [ -17.2216378, 14.7958811 ], [ -17.2214634, 14.7956218 ], [ -17.2209323, 14.7948283 ], [ -17.2204951, 14.7941644 ], [ -17.2201545, 14.7936535 ], [ -17.2195322, 14.7927225 ], [ -17.2189958, 14.7919108 ], [ -17.2197414, 14.7913714 ], [ -17.2213534, 14.7907905 ], [ -17.2226382, 14.7903263 ], [ -17.2240598, 14.7898128 ], [ -17.2254545, 14.7893097 ], [ -17.2259803, 14.7891204 ], [ -17.2274313, 14.7900618 ], [ -17.2287295, 14.7908994 ], [ -17.2296978, 14.7900695 ], [ -17.2303415, 14.7895223 ], [ -17.231063, 14.7889103 ], [ -17.2319267, 14.7899373 ], [ -17.2325758, 14.7907023 ], [ -17.2331149, 14.7898932 ], [ -17.2337157, 14.7889907 ], [ -17.2342897, 14.7882049 ], [ -17.2346518, 14.7874399 ], [ -17.23514, 14.7864233 ], [ -17.2351963, 14.7861795 ], [ -17.2354645, 14.785124 ], [ -17.2358052, 14.7837676 ], [ -17.2376291, 14.7847661 ], [ -17.2382219, 14.7838221 ], [ -17.2383667, 14.7835939 ], [ -17.2388924, 14.7827666 ], [ -17.2394154, 14.7819367 ], [ -17.2396488, 14.7815684 ], [ -17.2401235, 14.7808293 ], [ -17.2407753, 14.7797997 ], [ -17.2404937, 14.7786819 ], [ -17.2401396, 14.7772866 ], [ -17.2400055, 14.7767679 ], [ -17.2407458, 14.7756423 ], [ -17.2414566, 14.774553 ], [ -17.2420145, 14.7737127 ], [ -17.2425885, 14.7728413 ], [ -17.2438411, 14.7735856 ], [ -17.2451661, 14.7743819 ], [ -17.2461505, 14.7749732 ], [ -17.2474755, 14.7757668 ], [ -17.2489668, 14.776659 ], [ -17.2507773, 14.7777405 ], [ -17.2509019, 14.7778151 ], [ -17.2518207, 14.7783655 ], [ -17.2518743, 14.7784018 ], [ -17.2538511, 14.7791591 ], [ -17.2554261, 14.7795258 ], [ -17.2624804, 14.7806504 ], [ -17.2648622, 14.7808388 ], [ -17.2684132, 14.7814041 ], [ -17.2692359, 14.7785149 ], [ -17.2695391, 14.7770075 ], [ -17.2687812, 14.7767772 ], [ -17.2692576, 14.7748511 ], [ -17.2696906, 14.7749558 ], [ -17.2699072, 14.774202 ], [ -17.2734529, 14.7754597 ], [ -17.2741847, 14.77199 ], [ -17.2829241, 14.7768355 ], [ -17.2862707, 14.778718 ], [ -17.2891846, 14.7801698 ], [ -17.2895663, 14.7802313 ], [ -17.2896045, 14.7795915 ], [ -17.2920221, 14.7809203 ], [ -17.2930655, 14.7809326 ], [ -17.2933017, 14.7807708 ], [ -17.295251, 14.7821372 ], [ -17.2946866, 14.7827534 ], [ -17.2934667, 14.782102 ], [ -17.2926109, 14.7820668 ], [ -17.2925299, 14.7863714 ], [ -17.2945761, 14.7863439 ], [ -17.2942478, 14.7874321 ], [ -17.2953502, 14.7880104 ], [ -17.2959376, 14.788874 ], [ -17.296694, 14.7890063 ], [ -17.2966618, 14.7893953 ], [ -17.296635, 14.7896909 ], [ -17.2965733, 14.7900047 ], [ -17.2961871, 14.7903107 ], [ -17.2958438, 14.790666 ], [ -17.2951732, 14.791374 ], [ -17.2949559, 14.7920742 ], [ -17.2949854, 14.7921416 ], [ -17.2949506, 14.7926784 ], [ -17.2948996, 14.7932256 ], [ -17.2945885, 14.7932075 ], [ -17.2945214, 14.7938428 ], [ -17.2942854, 14.7940244 ], [ -17.2942103, 14.794071 ], [ -17.2941003, 14.7941462 ], [ -17.2939447, 14.7942655 ], [ -17.2938777, 14.7943226 ], [ -17.2936953, 14.7944367 ], [ -17.2936041, 14.7944782 ], [ -17.2934405, 14.7945326 ], [ -17.2933278, 14.7945664 ], [ -17.2932661, 14.7945793 ], [ -17.2932286, 14.794613 ], [ -17.2931642, 14.7945067 ], [ -17.2928933, 14.7942007 ], [ -17.2927646, 14.7938869 ], [ -17.2925393, 14.7937702 ], [ -17.2919009, 14.7935161 ], [ -17.290989, 14.7931712 ], [ -17.2907932, 14.7932178 ], [ -17.2891476, 14.7962637 ], [ -17.2891396, 14.7962896 ], [ -17.2891181, 14.7963129 ], [ -17.2888177, 14.796676 ], [ -17.2882062, 14.7974202 ], [ -17.2892066, 14.7978507 ], [ -17.2892603, 14.797887 ], [ -17.2895044, 14.7981204 ], [ -17.2898906, 14.7984705 ], [ -17.2901534, 14.7987195 ], [ -17.2904565, 14.7989658 ], [ -17.2906175, 14.7990721 ], [ -17.2907301, 14.7991577 ], [ -17.2908615, 14.7992563 ], [ -17.291162, 14.799513 ], [ -17.2914275, 14.7997334 ], [ -17.2931522, 14.7991344 ], [ -17.2940695, 14.8017043 ], [ -17.294504, 14.8029931 ], [ -17.2947588, 14.8037529 ], [ -17.2948124, 14.8038955 ], [ -17.2951048, 14.8046942 ], [ -17.2953998, 14.8054955 ], [ -17.2958263, 14.8066391 ], [ -17.295998, 14.8071006 ], [ -17.2956654, 14.8072614 ], [ -17.2956412, 14.8072796 ], [ -17.2955769, 14.8072925 ], [ -17.2947132, 14.8075959 ], [ -17.2951102, 14.8089029 ], [ -17.2964325, 14.8095122 ], [ -17.2972774, 14.8107958 ], [ -17.2981867, 14.8121598 ], [ -17.2986614, 14.8128755 ], [ -17.2989591, 14.8138531 ], [ -17.299289, 14.8149292 ], [ -17.2995358, 14.8157512 ], [ -17.2998684, 14.816848 ], [ -17.300539, 14.8175844 ], [ -17.3020303, 14.8188317 ], [ -17.3020812, 14.8188706 ], [ -17.3021939, 14.8189276 ], [ -17.3029744, 14.8193529 ], [ -17.3031729, 14.8200322 ], [ -17.3032721, 14.8201541 ], [ -17.3035511, 14.8207453 ], [ -17.3034143, 14.8207998 ], [ -17.3034066, 14.8208046 ], [ -17.303860228932901, 14.822484937607673 ], [ -17.286523, 14.8305916 ], [ -17.2733295, 14.8371389 ], [ -17.2570753, 14.8452515 ], [ -17.2450483, 14.8510616 ], [ -17.2425056, 14.8523268 ], [ -17.237227, 14.8549816 ], [ -17.2294579, 14.8588471 ], [ -17.2206241, 14.8633814 ], [ -17.2129262, 14.8672752 ], [ -17.2052872, 14.8708838 ], [ -17.2036028, 14.8718534 ], [ -17.203179, 14.8721074 ], [ -17.2027391, 14.8722837 ], [ -17.2021383, 14.8723304 ], [ -17.2010225, 14.8727814 ], [ -17.1993434, 14.8737821 ], [ -17.1965969, 14.8750782 ], [ -17.1950519, 14.8756797 ], [ -17.1943653, 14.8761774 ], [ -17.1937215, 14.8764781 ], [ -17.1929276, 14.8767581 ], [ -17.1898538, 14.8784897 ], [ -17.1836096, 14.8815538 ], [ -17.179648, 14.883682 ], [ -17.1775103, 14.8850481 ], [ -17.176013, 14.8856106 ], [ -17.1738356, 14.8870544 ], [ -17.1711032, 14.8882223 ], [ -17.1692006, 14.8868858 ] ] ] } },
{ "type": "Feature", "properties": { "osm_id": 12982155, "commune": "Yenne", "departement": "Rufisque", "zone_prioritaire": null, "prioritaire": false, "surface_km2": 41.909, "pct_mer_retire": 6.6, "wikidata": "Q16542787" }, "geometry": { "type": "Polygon", "coordinates": [ [ [ -17.147452642881174, 14.590784032717263 ], [ -17.1470435, 14.5910447 ], [ -17.1468484, 14.5910975 ], [ -17.1468711, 14.5914081 ], [ -17.1468686, 14.5916661 ], [ -17.1468443, 14.5920451 ], [ -17.1471058, 14.5929614 ], [ -17.1472459, 14.5938444 ], [ -17.1474901, 14.5946408 ], [ -17.14776, 14.5953074 ], [ -17.1481561, 14.5961942 ], [ -17.1483681, 14.5965465 ], [ -17.1485505, 14.5966711 ], [ -17.1486819, 14.5968735 ], [ -17.1487623, 14.5971357 ], [ -17.1488509, 14.5973978 ], [ -17.1489367, 14.5977586 ], [ -17.1490011, 14.5978235 ], [ -17.1489206, 14.5979377 ], [ -17.1490171, 14.5979689 ], [ -17.1490243, 14.598027 ], [ -17.1491379, 14.5989526 ], [ -17.1491603, 14.5990745 ], [ -17.149382, 14.6007383 ], [ -17.1494973, 14.6014003 ], [ -17.1496582, 14.6019168 ], [ -17.149787, 14.6024177 ], [ -17.1498624, 14.6027122 ], [ -17.1499452, 14.6030355 ], [ -17.1502242, 14.6037674 ], [ -17.150479, 14.6042087 ], [ -17.1507713, 14.6046888 ], [ -17.1509939, 14.6049276 ], [ -17.1510771, 14.6050081 ], [ -17.1512062, 14.6050809 ], [ -17.151292, 14.6051096 ], [ -17.1514903, 14.6050763 ], [ -17.1515888, 14.6051066 ], [ -17.1516497, 14.605156 ], [ -17.1517195, 14.6052157 ], [ -17.1517984, 14.6052498 ], [ -17.1519609, 14.6053079 ], [ -17.1520529, 14.6053263 ], [ -17.1521226, 14.605324 ], [ -17.152215, 14.6053296 ], [ -17.1522681, 14.60532 ], [ -17.152318, 14.6052897 ], [ -17.1523806, 14.6052209 ], [ -17.1524482, 14.6051729 ], [ -17.1525275, 14.6051743 ], [ -17.152559, 14.6051976 ], [ -17.15257, 14.6052356 ], [ -17.1525559, 14.6052969 ], [ -17.1524893, 14.6053922 ], [ -17.1524156, 14.6054908 ], [ -17.1523887, 14.6056362 ], [ -17.1523914, 14.6057686 ], [ -17.1524504, 14.6059087 ], [ -17.1525107, 14.606093 ], [ -17.1525604, 14.6062384 ], [ -17.1526274, 14.6063655 ], [ -17.1526945, 14.6065031 ], [ -17.1527186, 14.6065914 ], [ -17.1527598, 14.6067045 ], [ -17.1528876, 14.6066952 ], [ -17.1529358, 14.6067005 ], [ -17.1529815, 14.6067056 ], [ -17.1530606, 14.6067069 ], [ -17.1530928, 14.6067205 ], [ -17.1531075, 14.6067445 ], [ -17.1531022, 14.606799 ], [ -17.152952, 14.6068717 ], [ -17.15285, 14.6069521 ], [ -17.1529064, 14.6071079 ], [ -17.1529439, 14.6072376 ], [ -17.1529761, 14.6073544 ], [ -17.1531639, 14.6078813 ], [ -17.1535018, 14.6088157 ], [ -17.1540222, 14.609898 ], [ -17.1543896, 14.6105703 ], [ -17.1545827, 14.6108583 ], [ -17.1547142, 14.6111283 ], [ -17.1550012, 14.6117226 ], [ -17.1552882, 14.6123741 ], [ -17.1556878, 14.6130723 ], [ -17.1558568, 14.6134538 ], [ -17.1562296, 14.6140092 ], [ -17.1565703, 14.6144245 ], [ -17.1568841, 14.6147697 ], [ -17.1570343, 14.6150266 ], [ -17.1572006, 14.6152914 ], [ -17.1573615, 14.615608 ], [ -17.1574527, 14.6158338 ], [ -17.1575493, 14.6160129 ], [ -17.157721, 14.6162854 ], [ -17.1578899, 14.6165787 ], [ -17.1581528, 14.6170562 ], [ -17.15837, 14.6174196 ], [ -17.1585953, 14.6178894 ], [ -17.1586812, 14.6180555 ], [ -17.1587589, 14.6182164 ], [ -17.1589628, 14.6185304 ], [ -17.1590728, 14.6186861 ], [ -17.1591425, 14.6188029 ], [ -17.1592847, 14.6189664 ], [ -17.1596843, 14.6195764 ], [ -17.159982, 14.6199371 ], [ -17.1602798, 14.6203757 ], [ -17.1607545, 14.620913 ], [ -17.1613205, 14.6215566 ], [ -17.1615458, 14.6217824 ], [ -17.1618815, 14.6221057 ], [ -17.1620232, 14.6222755 ], [ -17.162143, 14.622419 ], [ -17.162277, 14.622546 ], [ -17.162411, 14.622674 ], [ -17.1626755, 14.6230014 ], [ -17.1628844, 14.623232 ], [ -17.1629894, 14.6233988 ], [ -17.1630719, 14.6235394 ], [ -17.1631497, 14.6237523 ], [ -17.1633026, 14.6240793 ], [ -17.1635574, 14.6244997 ], [ -17.1637532, 14.6249098 ], [ -17.1639276, 14.6252264 ], [ -17.1640912, 14.6255586 ], [ -17.1642736, 14.6258363 ], [ -17.1644264, 14.6261244 ], [ -17.1644774, 14.6262956 ], [ -17.1645766, 14.6264903 ], [ -17.1647403, 14.6267265 ], [ -17.1648958, 14.626973 ], [ -17.1651024, 14.6272819 ], [ -17.1652553, 14.6275388 ], [ -17.1656818, 14.6281331 ], [ -17.1659955, 14.6285198 ], [ -17.1666688, 14.6292024 ], [ -17.1673127, 14.6299278 ], [ -17.1675995, 14.6302508 ], [ -17.168321, 14.6311851 ], [ -17.1697023, 14.6328383 ], [ -17.1698552, 14.6330122 ], [ -17.1699572, 14.6331549 ], [ -17.1706384, 14.6336168 ], [ -17.1709791, 14.6336169 ], [ -17.1712769, 14.6337414 ], [ -17.1717409, 14.6341021 ], [ -17.1721056, 14.6343967 ], [ -17.1725509, 14.6346965 ], [ -17.1729076, 14.6348885 ], [ -17.1731946, 14.634847 ], [ -17.1733743, 14.634917 ], [ -17.1734494, 14.6350221 ], [ -17.173503, 14.6351947 ], [ -17.173554, 14.6356203 ], [ -17.1735714, 14.6359383 ], [ -17.1737364, 14.6362107 ], [ -17.1738651, 14.6363262 ], [ -17.1739805, 14.6365546 ], [ -17.1741119, 14.6368582 ], [ -17.1741951, 14.6370243 ], [ -17.1743372, 14.6372553 ], [ -17.1745142, 14.6374292 ], [ -17.1746296, 14.6375615 ], [ -17.1747476, 14.6377328 ], [ -17.1748441, 14.6378651 ], [ -17.174997, 14.6380676 ], [ -17.1750775, 14.6382077 ], [ -17.1752143, 14.6385087 ], [ -17.1753591, 14.6387034 ], [ -17.1754879, 14.6388928 ], [ -17.1755791, 14.6390382 ], [ -17.1756971, 14.6392068 ], [ -17.1758768, 14.6394093 ], [ -17.1759841, 14.6395676 ], [ -17.1760941, 14.6397466 ], [ -17.1762791, 14.6399231 ], [ -17.1766681, 14.6402345 ], [ -17.1769148, 14.6404421 ], [ -17.1771938, 14.6406938 ], [ -17.1773762, 14.6409871 ], [ -17.1775666, 14.6413556 ], [ -17.1777061, 14.6415684 ], [ -17.1778348, 14.6417397 ], [ -17.1781299, 14.6419888 ], [ -17.1782264, 14.6420303 ], [ -17.1783525, 14.6421263 ], [ -17.1784383, 14.6422639 ], [ -17.178508, 14.6424481 ], [ -17.1786019, 14.6425779 ], [ -17.1786368, 14.6428763 ], [ -17.1796399, 14.6439351 ], [ -17.180163, 14.6444775 ], [ -17.1811474, 14.6451146 ], [ -17.1812828, 14.6453131 ], [ -17.1818487, 14.6457867 ], [ -17.1825085, 14.6464536 ], [ -17.1830088, 14.6467533 ], [ -17.1833078, 14.6468636 ], [ -17.1834325, 14.6468974 ], [ -17.183615, 14.6468974 ], [ -17.1836874, 14.6469804 ], [ -17.183741, 14.6471037 ], [ -17.1839677, 14.6474022 ], [ -17.1841246, 14.6475189 ], [ -17.1842238, 14.6476357 ], [ -17.1842936, 14.6477473 ], [ -17.184374, 14.6479964 ], [ -17.1844277, 14.6481988 ], [ -17.18467, 14.6487305 ], [ -17.1848515, 14.6490915 ], [ -17.1850607, 14.6494703 ], [ -17.185282, 14.6497973 ], [ -17.1856293, 14.6502281 ], [ -17.1857822, 14.6504149 ], [ -17.1861658, 14.6508457 ], [ -17.1862516, 14.6509365 ], [ -17.1863911, 14.6510507 ], [ -17.1866217, 14.6512609 ], [ -17.1867156, 14.6513439 ], [ -17.1868175, 14.6514218 ], [ -17.1870938, 14.651632 ], [ -17.1874076, 14.6518214 ], [ -17.1876168, 14.6519564 ], [ -17.1879789, 14.6520602 ], [ -17.1882364, 14.6521328 ], [ -17.1883705, 14.6522262 ], [ -17.188451, 14.6524183 ], [ -17.1884859, 14.6525402 ], [ -17.1885744, 14.6527556 ], [ -17.1886441, 14.6528906 ], [ -17.1887031, 14.6530151 ], [ -17.1887916, 14.6531734 ], [ -17.188885784531198, 14.653343111161842 ], [ -17.188691, 14.6535678 ], [ -17.1880987, 14.6549878 ], [ -17.1883047, 14.6556604 ], [ -17.1888712, 14.6564576 ], [ -17.1900299, 14.6579771 ], [ -17.1899012, 14.6593722 ], [ -17.1895664, 14.6598704 ], [ -17.1816506, 14.6810801 ], [ -17.1746496, 14.6811596 ], [ -17.170592, 14.6851153 ], [ -17.1663989, 14.6820677 ], [ -17.161996, 14.689336 ], [ -17.1599109, 14.6964999 ], [ -17.1586987, 14.6991745 ], [ -17.155052, 14.7042913 ], [ -17.1516161, 14.7115169 ], [ -17.1484823, 14.7108693 ], [ -17.1443156, 14.7107695 ], [ -17.1337833, 14.7059123 ], [ -17.1343489, 14.6968115 ], [ -17.1346216, 14.6915458 ], [ -17.1350426, 14.6856472 ], [ -17.1447605, 14.5884272 ], [ -17.1449482, 14.5886062 ], [ -17.1456885, 14.5891488 ], [ -17.1464369, 14.589455 ], [ -17.1467061, 14.5893964 ], [ -17.146858118275652, 14.589358753739404 ], [ -17.147452642881174, 14.590784032717263 ] ] ] } }
]
}
